Word,Level,Version
about,A1,3000
above,A1,3000
across,A1,3000
action,A1,3000
activity,A1,3000
actor,A1,3000
actress,A1,3000
add,A1,3000
address,A1,3000
adult,A1,3000
advice,A1,3000
afraid,A1,3000
after,A1,3000
afternoon,A1,3000
again,A1,3000
age,A1,3000
ago,A1,3000
agree,A1,3000
air,A1,3000
airport,A1,3000
all,A1,3000
also,A1,3000
always,A1,3000
amazing,A1,3000
and,A1,3000
angry,A1,3000
animal,A1,3000
another,A1,3000
answer,A1,3000
any,A1,3000
anyone,A1,3000
anything,A1,3000
apartment,A1,3000
apple,A1,3000
april,A1,3000
area,A1,3000
arm,A1,3000
around,A1,3000
arrive,A1,3000
art,A1,3000
article,A1,3000
artist,A1,3000
as,A1,3000
ask,A1,3000
at,A1,3000
august,A1,3000
aunt,A1,3000
away,A1,3000
awesome,A1,3000
baby,A1,3000
back,A1,3000
bad,A1,3000
bag,A1,3000
ball,A1,3000
banana,A1,3000
band,A1,3000
bank,A1,3000
bar,A1,3000
baseball,A1,3000
basketball,A1,3000
bath,A1,3000
bathroom,A1,3000
be,A1,3000
beach,A1,3000
beautiful,A1,3000
because,A1,3000
become,A1,3000
bed,A1,3000
bedroom,A1,3000
beer,A1,3000
before,A1,3000
begin,A1,3000
beginning,A1,3000
behind,A1,3000
believe,A1,3000
below,A1,3000
best,A1,3000
better,A1,3000
between,A1,3000
bicycle,A1,3000
big,A1,3000
bike,A1,3000
bill,A1,3000
bird,A1,3000
birthday,A1,3000
black,A1,3000
blog,A1,3000
blond,A1,3000
blue,A1,3000
boat,A1,3000
body,A1,3000
book,A1,3000
boot,A1,3000
bored,A1,3000
boring,A1,3000
born,A1,3000
both,A1,3000
bottle,A1,3000
box,A1,3000
boy,A1,3000
boyfriend,A1,3000
bread,A1,3000
break,A1,3000
breakfast,A1,3000
bring,A1,3000
brother,A1,3000
brown,A1,3000
build,A1,3000
building,A1,3000
bus,A1,3000
business,A1,3000
busy,A1,3000
but,A1,3000
butter,A1,3000
buy,A1,3000
by,A1,3000
bye,A1,3000
cafe,A1,3000
cake,A1,3000
call,A1,3000
camera,A1,3000
can,A1,3000
cannot,A1,3000
capital,A1,3000
car,A1,3000
card,A1,3000
career,A1,3000
carrot,A1,3000
carry,A1,3000
cat,A1,3000
cd,A1,3000
cent,A1,3000
center,A1,3000
chair,A1,3000
change,A1,3000
chart,A1,3000
cheap,A1,3000
check,A1,3000
cheese,A1,3000
chicken,A1,3000
child,A1,3000
chocolate,A1,3000
choose,A1,3000
city,A1,3000
class,A1,3000
classroom,A1,3000
clean,A1,3000
climb,A1,3000
clock,A1,3000
close,A1,3000
clothes,A1,3000
club,A1,3000
coat,A1,3000
coffee,A1,3000
cold,A1,3000
college,A1,3000
color,A1,3000
come,A1,3000
common,A1,3000
company,A1,3000
compare,A1,3000
complete,A1,3000
computer,A1,3000
concert,A1,3000
conversation,A1,3000
cook,A1,3000
cooking,A1,3000
cool,A1,3000
correct,A1,3000
cost,A1,3000
could,A1,3000
country,A1,3000
course,A1,3000
cousin,A1,3000
cow,A1,3000
cream,A1,3000
create,A1,3000
culture,A1,3000
cup,A1,3000
customer,A1,3000
cut,A1,3000
dad,A1,3000
dance,A1,3000
dancer,A1,3000
dancing,A1,3000
dangerous,A1,3000
dark,A1,3000
date,A1,3000
daughter,A1,3000
day,A1,3000
dear,A1,3000
december,A1,3000
decide,A1,3000
delicious,A1,3000
describe,A1,3000
description,A1,3000
design,A1,3000
desk,A1,3000
detail,A1,3000
dialogue,A1,3000
dictionary,A1,3000
die,A1,3000
diet,A1,3000
difference,A1,3000
different,A1,3000
difficult,A1,3000
dinner,A1,3000
dirty,A1,3000
discuss,A1,3000
dish,A1,3000
do,A1,3000
doctor,A1,3000
dog,A1,3000
dollar,A1,3000
door,A1,3000
down,A1,3000
downstairs,A1,3000
draw,A1,3000
dress,A1,3000
drink,A1,3000
drive,A1,3000
driver,A1,3000
during,A1,3000
dvd,A1,3000
each,A1,3000
ear,A1,3000
early,A1,3000
east,A1,3000
easy,A1,3000
eat,A1,3000
egg,A1,3000
eight,A1,3000
eighteen,A1,3000
eighty,A1,3000
elephant,A1,3000
eleven,A1,3000
else,A1,3000
email,A1,3000
end,A1,3000
enjoy,A1,3000
enough,A1,3000
euro,A1,3000
even,A1,3000
evening,A1,3000
event,A1,3000
ever,A1,3000
every,A1,3000
everybody,A1,3000
everyone,A1,3000
everything,A1,3000
exam,A1,3000
example,A1,3000
excited,A1,3000
exciting,A1,3000
exercise,A1,3000
expensive,A1,3000
explain,A1,3000
extra,A1,3000
eye,A1,3000
face,A1,3000
fact,A1,3000
fall,A1,3000
false,A1,3000
family,A1,3000
famous,A1,3000
fantastic,A1,3000
far,A1,3000
farm,A1,3000
farmer,A1,3000
fast,A1,3000
fat,A1,3000
father,A1,3000
favorite,A1,3000
february,A1,3000
feel,A1,3000
feeling,A1,3000
festival,A1,3000
few,A1,3000
fifteen,A1,3000
fifth,A1,3000
fifty,A1,3000
fill,A1,3000
final,A1,3000
find,A1,3000
fine,A1,3000
finish,A1,3000
fire,A1,3000
first,A1,3000
fish,A1,3000
five,A1,3000
flight,A1,3000
floor,A1,3000
flower,A1,3000
fly,A1,3000
follow,A1,3000
food,A1,3000
foot,A1,3000
football,A1,3000
for,A1,3000
forget,A1,3000
form,A1,3000
forty,A1,3000
four,A1,3000
fourteen,A1,3000
fourth,A1,3000
free,A1,3000
friday,A1,3000
friend,A1,3000
friendly,A1,3000
from,A1,3000
front,A1,3000
fruit,A1,3000
full,A1,3000
fun,A1,3000
funny,A1,3000
future,A1,3000
game,A1,3000
garden,A1,3000
geography,A1,3000
get,A1,3000
girl,A1,3000
girlfriend,A1,3000
give,A1,3000
glass,A1,3000
go,A1,3000
good,A1,3000
goodbye,A1,3000
grandfather,A1,3000
grandmother,A1,3000
grandparent,A1,3000
gray,A1,3000
great,A1,3000
green,A1,3000
group,A1,3000
grow,A1,3000
guess,A1,3000
guitar,A1,3000
gym,A1,3000
hair,A1,3000
half,A1,3000
hand,A1,3000
happen,A1,3000
happy,A1,3000
hard,A1,3000
hat,A1,3000
hate,A1,3000
have,A1,3000
he,A1,3000
head,A1,3000
health,A1,3000
healthy,A1,3000
hear,A1,3000
hello,A1,3000
help,A1,3000
her,A1,3000
here,A1,3000
hey,A1,3000
hi,A1,3000
high,A1,3000
him,A1,3000
his,A1,3000
history,A1,3000
hobby,A1,3000
home,A1,3000
homework,A1,3000
hope,A1,3000
horse,A1,3000
hospital,A1,3000
hot,A1,3000
hotel,A1,3000
hour,A1,3000
house,A1,3000
how,A1,3000
however,A1,3000
hundred,A1,3000
hungry,A1,3000
husband,A1,3000
i,A1,3000
ice,A1,3000
ice cream,A1,3000
idea,A1,3000
if,A1,3000
imagine,A1,3000
important,A1,3000
improve,A1,3000
in,A1,3000
include,A1,3000
information,A1,3000
interest,A1,3000
interested,A1,3000
interesting,A1,3000
internet,A1,3000
interview,A1,3000
into,A1,3000
introduce,A1,3000
island,A1,3000
it,A1,3000
its,A1,3000
jacket,A1,3000
january,A1,3000
jeans,A1,3000
job,A1,3000
join,A1,3000
juice,A1,3000
july,A1,3000
june,A1,3000
just,A1,3000
keep,A1,3000
key,A1,3000
kind,A1,3000
kitchen,A1,3000
know,A1,3000
land,A1,3000
language,A1,3000
large,A1,3000
last,A1,3000
late,A1,3000
later,A1,3000
laugh,A1,3000
learn,A1,3000
leave,A1,3000
left,A1,3000
leg,A1,3000
lesson,A1,3000
let,A1,3000
letter,A1,3000
library,A1,3000
lie,A1,3000
life,A1,3000
light,A1,3000
like,A1,3000
line,A1,3000
lion,A1,3000
list,A1,3000
listen,A1,3000
little,A1,3000
live,A1,3000
local,A1,3000
long,A1,3000
look,A1,3000
lose,A1,3000
lot,A1,3000
love,A1,3000
lunch,A1,3000
machine,A1,3000
magazine,A1,3000
main,A1,3000
make,A1,3000
mall,A1,3000
man,A1,3000
many,A1,3000
map,A1,3000
march,A1,3000
market,A1,3000
married,A1,3000
match,A1,3000
may,A1,3000
maybe,A1,3000
me,A1,3000
meal,A1,3000
mean,A1,3000
meaning,A1,3000
meat,A1,3000
meet,A1,3000
meeting,A1,3000
member,A1,3000
menu,A1,3000
message,A1,3000
meter,A1,3000
midnight,A1,3000
mile,A1,3000
milk,A1,3000
million,A1,3000
minute,A1,3000
miss,A1,3000
mistake,A1,3000
model,A1,3000
modern,A1,3000
mom,A1,3000
moment,A1,3000
monday,A1,3000
money,A1,3000
month,A1,3000
more,A1,3000
morning,A1,3000
most,A1,3000
mother,A1,3000
mountain,A1,3000
mouse,A1,3000
mouth,A1,3000
move,A1,3000
movie,A1,3000
much,A1,3000
museum,A1,3000
music,A1,3000
must,A1,3000
my,A1,3000
name,A1,3000
natural,A1,3000
near,A1,3000
need,A1,3000
negative,A1,3000
neighbor,A1,3000
neighborhood,A1,3000
never,A1,3000
new,A1,3000
news,A1,3000
newspaper,A1,3000
next,A1,3000
nice,A1,3000
night,A1,3000
nine,A1,3000
nineteen,A1,3000
ninety,A1,3000
no,A1,3000
no one,A1,3000
nobody,A1,3000
north,A1,3000
nose,A1,3000
not,A1,3000
note,A1,3000
nothing,A1,3000
november,A1,3000
now,A1,3000
number,A1,3000
nurse,A1,3000
object,A1,3000
ocean,A1,3000
oâ€™clock,A1,3000
october,A1,3000
of,A1,3000
off,A1,3000
office,A1,3000
often,A1,3000
oh,A1,3000
ok,A1,3000
old,A1,3000
on,A1,3000
once,A1,3000
one,A1,3000
onion,A1,3000
online,A1,3000
only,A1,3000
open,A1,3000
opinion,A1,3000
opposite,A1,3000
or,A1,3000
orange,A1,3000
order,A1,3000
other,A1,3000
our,A1,3000
out,A1,3000
outside,A1,3000
over,A1,3000
own,A1,3000
page,A1,3000
paint,A1,3000
painting,A1,3000
pair,A1,3000
pants,A1,3000
paper,A1,3000
paragraph,A1,3000
parent,A1,3000
park,A1,3000
part,A1,3000
partner,A1,3000
party,A1,3000
passport,A1,3000
past,A1,3000
pay,A1,3000
pen,A1,3000
pencil,A1,3000
people,A1,3000
pepper,A1,3000
perfect,A1,3000
period,A1,3000
person,A1,3000
personal,A1,3000
phone,A1,3000
photo,A1,3000
photograph,A1,3000
phrase,A1,3000
piano,A1,3000
picture,A1,3000
piece,A1,3000
pig,A1,3000
pink,A1,3000
place,A1,3000
plan,A1,3000
plane,A1,3000
plant,A1,3000
play,A1,3000
player,A1,3000
please,A1,3000
point,A1,3000
police,A1,3000
policeman,A1,3000
pool,A1,3000
poor,A1,3000
popular,A1,3000
positive,A1,3000
possible,A1,3000
post,A1,3000
potato,A1,3000
pound,A1,3000
practice,A1,3000
prefer,A1,3000
prepare,A1,3000
present,A1,3000
pretty,A1,3000
price,A1,3000
probably,A1,3000
problem,A1,3000
product,A1,3000
program,A1,3000
project,A1,3000
purple,A1,3000
put,A1,3000
quarter,A1,3000
question,A1,3000
quick,A1,3000
quickly,A1,3000
quiet,A1,3000
quite,A1,3000
radio,A1,3000
rain,A1,3000
read,A1,3000
reader,A1,3000
reading,A1,3000
ready,A1,3000
real,A1,3000
really,A1,3000
reason,A1,3000
red,A1,3000
relax,A1,3000
remember,A1,3000
repeat,A1,3000
report,A1,3000
restaurant,A1,3000
result,A1,3000
return,A1,3000
rice,A1,3000
rich,A1,3000
ride,A1,3000
right,A1,3000
river,A1,3000
road,A1,3000
room,A1,3000
routine,A1,3000
rule,A1,3000
run,A1,3000
sad,A1,3000
salad,A1,3000
salt,A1,3000
same,A1,3000
sandwich,A1,3000
saturday,A1,3000
say,A1,3000
school,A1,3000
science,A1,3000
scientist,A1,3000
second,A1,3000
section,A1,3000
see,A1,3000
sell,A1,3000
send,A1,3000
sentence,A1,3000
september,A1,3000
seven,A1,3000
seventeen,A1,3000
seventy,A1,3000
share,A1,3000
she,A1,3000
sheep,A1,3000
shirt,A1,3000
shoe,A1,3000
shop,A1,3000
shopping,A1,3000
short,A1,3000
should,A1,3000
show,A1,3000
shower,A1,3000
sick,A1,3000
similar,A1,3000
sing,A1,3000
singer,A1,3000
sister,A1,3000
sit,A1,3000
situation,A1,3000
six,A1,3000
sixteen,A1,3000
sixty,A1,3000
skill,A1,3000
skirt,A1,3000
sleep,A1,3000
slow,A1,3000
small,A1,3000
smart,A1,3000
snake,A1,3000
snow,A1,3000
so,A1,3000
some,A1,3000
somebody,A1,3000
someone,A1,3000
something,A1,3000
sometimes,A1,3000
son,A1,3000
song,A1,3000
soon,A1,3000
sorry,A1,3000
sound,A1,3000
soup,A1,3000
south,A1,3000
space,A1,3000
speak,A1,3000
special,A1,3000
spell,A1,3000
spelling,A1,3000
spend,A1,3000
sport,A1,3000
spring,A1,3000
stand,A1,3000
star,A1,3000
start,A1,3000
statement,A1,3000
station,A1,3000
stay,A1,3000
still,A1,3000
stop,A1,3000
store,A1,3000
story,A1,3000
street,A1,3000
strong,A1,3000
student,A1,3000
study,A1,3000
style,A1,3000
subject,A1,3000
success,A1,3000
sugar,A1,3000
summer,A1,3000
sun,A1,3000
sunday,A1,3000
supermarket,A1,3000
sure,A1,3000
sweater,A1,3000
swim,A1,3000
swimming,A1,3000
table,A1,3000
take,A1,3000
talk,A1,3000
tall,A1,3000
taxi,A1,3000
tea,A1,3000
teach,A1,3000
teacher,A1,3000
team,A1,3000
teenager,A1,3000
telephone,A1,3000
television,A1,3000
tell,A1,3000
ten,A1,3000
tennis,A1,3000
terrible,A1,3000
test,A1,3000
text,A1,3000
than,A1,3000
thank,A1,3000
thanks,A1,3000
that,A1,3000
the,A1,3000
theater,A1,3000
their,A1,3000
them,A1,3000
then,A1,3000
there,A1,3000
they,A1,3000
thing,A1,3000
think,A1,3000
third,A1,3000
thirsty,A1,3000
thirteen,A1,3000
thirty,A1,3000
this,A1,3000
thousand,A1,3000
three,A1,3000
through,A1,3000
thursday,A1,3000
ticket,A1,3000
time,A1,3000
tired,A1,3000
title,A1,3000
to,A1,3000
today,A1,3000
together,A1,3000
toilet,A1,3000
tomato,A1,3000
tomorrow,A1,3000
tonight,A1,3000
too,A1,3000
tooth,A1,3000
topic,A1,3000
tourist,A1,3000
town,A1,3000
traffic,A1,3000
train,A1,3000
travel,A1,3000
tree,A1,3000
trip,A1,3000
truck,A1,3000
true,A1,3000
try,A1,3000
t-shirt,A1,3000
tuesday,A1,3000
turn,A1,3000
tv,A1,3000
twelve,A1,3000
twenty,A1,3000
twice,A1,3000
two,A1,3000
type,A1,3000
umbrella,A1,3000
uncle,A1,3000
under,A1,3000
understand,A1,3000
university,A1,3000
until,A1,3000
up,A1,3000
upstairs,A1,3000
us,A1,3000
use,A1,3000
useful,A1,3000
usually,A1,3000
vacation,A1,3000
vegetable,A1,3000
very,A1,3000
video,A1,3000
visit,A1,3000
visitor,A1,3000
wait,A1,3000
waiter,A1,3000
wake,A1,3000
walk,A1,3000
wall,A1,3000
want,A1,3000
warm,A1,3000
wash,A1,3000
watch,A1,3000
water,A1,3000
way,A1,3000
we,A1,3000
wear,A1,3000
weather,A1,3000
website,A1,3000
wednesday,A1,3000
week,A1,3000
weekend,A1,3000
welcome,A1,3000
well,A1,3000
west,A1,3000
what,A1,3000
when,A1,3000
where,A1,3000
which,A1,3000
white,A1,3000
who,A1,3000
why,A1,3000
wife,A1,3000
will,A1,3000
win,A1,3000
window,A1,3000
wine,A1,3000
winter,A1,3000
with,A1,3000
without,A1,3000
woman,A1,3000
wonderful,A1,3000
word,A1,3000
work,A1,3000
worker,A1,3000
world,A1,3000
would,A1,3000
write,A1,3000
writer,A1,3000
writing,A1,3000
wrong,A1,3000
yard,A1,3000
yeah,A1,3000
year,A1,3000
yellow,A1,3000
yes,A1,3000
yesterday,A1,3000
you,A1,3000
young,A1,3000
your,A1,3000
yourself,A1,3000
ability,A2,3000
able,A2,3000
accept,A2,3000
accident,A2,3000
achieve,A2,3000
act,A2,3000
active,A2,3000
actually,A2,3000
advantage,A2,3000
adventure,A2,3000
advertise,A2,3000
advertisement,A2,3000
advertising,A2,3000
affect,A2,3000
against,A2,3000
ah,A2,3000
airline,A2,3000
alive,A2,3000
allow,A2,3000
almost,A2,3000
alone,A2,3000
along,A2,3000
already,A2,3000
alternative,A2,3000
although,A2,3000
among,A2,3000
amount,A2,3000
analyze,A2,3000
ancient,A2,3000
ankle,A2,3000
anybody,A2,3000
anymore,A2,3000
anyway,A2,3000
anywhere,A2,3000
app,A2,3000
appear,A2,3000
appearance,A2,3000
apply,A2,3000
architect,A2,3000
architecture,A2,3000
argue,A2,3000
argument,A2,3000
army,A2,3000
arrange,A2,3000
arrangement,A2,3000
asleep,A2,3000
assistant,A2,3000
athlete,A2,3000
attack,A2,3000
attend,A2,3000
attention,A2,3000
attractive,A2,3000
audience,A2,3000
author,A2,3000
available,A2,3000
average,A2,3000
avoid,A2,3000
award,A2,3000
awful,A2,3000
background,A2,3000
badly,A2,3000
based,A2,3000
bean,A2,3000
bear,A2,3000
beat,A2,3000
beef,A2,3000
behave,A2,3000
behavior,A2,3000
belong,A2,3000
belt,A2,3000
benefit,A2,3000
billion,A2,3000
biology,A2,3000
birth,A2,3000
bit,A2,3000
blank,A2,3000
block,A2,3000
blood,A2,3000
blow,A2,3000
board,A2,3000
boil,A2,3000
bone,A2,3000
borrow,A2,3000
boss,A2,3000
bottom,A2,3000
bowl,A2,3000
brain,A2,3000
bridge,A2,3000
bright,A2,3000
brilliant,A2,3000
broken,A2,3000
brush,A2,3000
burn,A2,3000
businessman,A2,3000
button,A2,3000
camp,A2,3000
camping,A2,3000
campus,A2,3000
candy,A2,3000
care,A2,3000
careful,A2,3000
carefully,A2,3000
carpet,A2,3000
cartoon,A2,3000
case,A2,3000
cash,A2,3000
catch,A2,3000
cause,A2,3000
celebrate,A2,3000
celebrity,A2,3000
cell,A2,3000
century,A2,3000
certain,A2,3000
certainly,A2,3000
chance,A2,3000
character,A2,3000
charity,A2,3000
chat,A2,3000
chef,A2,3000
chemistry,A2,3000
chip,A2,3000
choice,A2,3000
church,A2,3000
cigarette,A2,3000
circle,A2,3000
classical,A2,3000
clear,A2,3000
clearly,A2,3000
clerk,A2,3000
climate,A2,3000
closed,A2,3000
closet,A2,3000
clothing,A2,3000
cloud,A2,3000
coach,A2,3000
coast,A2,3000
code,A2,3000
colleague,A2,3000
collect,A2,3000
column,A2,3000
comedy,A2,3000
comfortable,A2,3000
comment,A2,3000
communicate,A2,3000
community,A2,3000
compete,A2,3000
competition,A2,3000
complain,A2,3000
completely,A2,3000
condition,A2,3000
conference,A2,3000
connect,A2,3000
connected,A2,3000
consider,A2,3000
contain,A2,3000
context,A2,3000
continent,A2,3000
continue,A2,3000
control,A2,3000
cookie,A2,3000
copy,A2,3000
corner,A2,3000
correctly,A2,3000
count,A2,3000
couple,A2,3000
cover,A2,3000
crazy,A2,3000
creative,A2,3000
credit,A2,3000
crime,A2,3000
criminal,A2,3000
cross,A2,3000
crowd,A2,3000
crowded,A2,3000
cry,A2,3000
curly,A2,3000
cycle,A2,3000
daily,A2,3000
danger,A2,3000
data,A2,3000
dead,A2,3000
deal,A2,3000
death,A2,3000
decision,A2,3000
deep,A2,3000
definitely,A2,3000
degree,A2,3000
dentist,A2,3000
department,A2,3000
depend,A2,3000
desert,A2,3000
designer,A2,3000
dessert,A2,3000
destroy,A2,3000
detective,A2,3000
develop,A2,3000
device,A2,3000
diary,A2,3000
differently,A2,3000
digital,A2,3000
direct,A2,3000
direction,A2,3000
director,A2,3000
disagree,A2,3000
disappear,A2,3000
disaster,A2,3000
discover,A2,3000
discovery,A2,3000
discussion,A2,3000
disease,A2,3000
distance,A2,3000
divorced,A2,3000
document,A2,3000
double,A2,3000
download,A2,3000
downtown,A2,3000
drama,A2,3000
drawing,A2,3000
dream,A2,3000
driving,A2,3000
drop,A2,3000
drug,A2,3000
dry,A2,3000
earn,A2,3000
earth,A2,3000
easily,A2,3000
education,A2,3000
effect,A2,3000
either,A2,3000
electric,A2,3000
electrical,A2,3000
electricity,A2,3000
electronic,A2,3000
elevator,A2,3000
employ,A2,3000
employee,A2,3000
employer,A2,3000
empty,A2,3000
ending,A2,3000
energy,A2,3000
engine,A2,3000
engineer,A2,3000
enormous,A2,3000
enter,A2,3000
environment,A2,3000
equipment,A2,3000
error,A2,3000
especially,A2,3000
essay,A2,3000
everyday,A2,3000
everywhere,A2,3000
evidence,A2,3000
exact,A2,3000
exactly,A2,3000
excellent,A2,3000
except,A2,3000
exist,A2,3000
expect,A2,3000
experience,A2,3000
experiment,A2,3000
expert,A2,3000
explanation,A2,3000
express,A2,3000
expression,A2,3000
extreme,A2,3000
extremely,A2,3000
factor,A2,3000
factory,A2,3000
fail,A2,3000
fair,A2,3000
fan,A2,3000
farming,A2,3000
fashion,A2,3000
fear,A2,3000
feature,A2,3000
feed,A2,3000
female,A2,3000
fever,A2,3000
fiction,A2,3000
field,A2,3000
fight,A2,3000
figure,A2,3000
film,A2,3000
finally,A2,3000
finger,A2,3000
fishing,A2,3000
fit,A2,3000
fix,A2,3000
flat,A2,3000
flu,A2,3000
flying,A2,3000
focus,A2,3000
following,A2,3000
foreign,A2,3000
forest,A2,3000
fork,A2,3000
formal,A2,3000
fortunately,A2,3000
forward,A2,3000
fresh,A2,3000
frog,A2,3000
furniture,A2,3000
further,A2,3000
gallery,A2,3000
gap,A2,3000
garbage,A2,3000
gas,A2,3000
gate,A2,3000
general,A2,3000
gift,A2,3000
goal,A2,3000
god,A2,3000
gold,A2,3000
golf,A2,3000
government,A2,3000
grass,A2,3000
greet,A2,3000
grocery,A2,3000
ground,A2,3000
guest,A2,3000
guide,A2,3000
gun,A2,3000
guy,A2,3000
habit,A2,3000
hall,A2,3000
happily,A2,3000
headache,A2,3000
heart,A2,3000
heat,A2,3000
heavy,A2,3000
height,A2,3000
helpful,A2,3000
hero,A2,3000
hers,A2,3000
herself,A2,3000
hide,A2,3000
hill,A2,3000
himself,A2,3000
hit,A2,3000
hockey,A2,3000
hold,A2,3000
hole,A2,3000
holiday,A2,3000
huge,A2,3000
human,A2,3000
hurt,A2,3000
ideal,A2,3000
identify,A2,3000
ill,A2,3000
illness,A2,3000
image,A2,3000
immediately,A2,3000
impossible,A2,3000
included,A2,3000
including,A2,3000
increase,A2,3000
incredible,A2,3000
independent,A2,3000
individual,A2,3000
industry,A2,3000
informal,A2,3000
injury,A2,3000
insect,A2,3000
inside,A2,3000
instead,A2,3000
instruction,A2,3000
instructor,A2,3000
instrument,A2,3000
intelligent,A2,3000
international,A2,3000
introduction,A2,3000
invent,A2,3000
invention,A2,3000
invitation,A2,3000
invite,A2,3000
involve,A2,3000
item,A2,3000
itself,A2,3000
jam,A2,3000
jazz,A2,3000
jewelry,A2,3000
joke,A2,3000
journalist,A2,3000
jump,A2,3000
kid,A2,3000
kill,A2,3000
kilometer,A2,3000
king,A2,3000
knee,A2,3000
knife,A2,3000
knock,A2,3000
knowledge,A2,3000
lab,A2,3000
lady,A2,3000
lake,A2,3000
lamp,A2,3000
laptop,A2,3000
laughter,A2,3000
law,A2,3000
lawyer,A2,3000
lazy,A2,3000
lead,A2,3000
leader,A2,3000
learning,A2,3000
least,A2,3000
lecture,A2,3000
lemon,A2,3000
lend,A2,3000
less,A2,3000
level,A2,3000
lifestyle,A2,3000
lift,A2,3000
likely,A2,3000
link,A2,3000
listener,A2,3000
lock,A2,3000
lost,A2,3000
loud,A2,3000
loudly,A2,3000
low,A2,3000
luck,A2,3000
lucky,A2,3000
mail,A2,3000
major,A2,3000
male,A2,3000
manage,A2,3000
manager,A2,3000
manner,A2,3000
mark,A2,3000
marry,A2,3000
material,A2,3000
math,A2,3000
mathematics,A2,3000
matter,A2,3000
mayor,A2,3000
media,A2,3000
medical,A2,3000
medicine,A2,3000
memory,A2,3000
mention,A2,3000
metal,A2,3000
method,A2,3000
middle,A2,3000
might,A2,3000
mind,A2,3000
mine,A2,3000
mirror,A2,3000
missing,A2,3000
monkey,A2,3000
moon,A2,3000
mostly,A2,3000
motorcycle,A2,3000
movement,A2,3000
musical,A2,3000
musician,A2,3000
myself,A2,3000
narrow,A2,3000
national,A2,3000
nature,A2,3000
nearly,A2,3000
necessary,A2,3000
neck,A2,3000
neither,A2,3000
nervous,A2,3000
network,A2,3000
noise,A2,3000
noisy,A2,3000
none,A2,3000
normal,A2,3000
normally,A2,3000
notice,A2,3000
novel,A2,3000
nowhere,A2,3000
nut,A2,3000
offer,A2,3000
officer,A2,3000
oil,A2,3000
onto,A2,3000
opportunity,A2,3000
option,A2,3000
ordinary,A2,3000
organization,A2,3000
organize,A2,3000
original,A2,3000
ourselves,A2,3000
oven,A2,3000
overseas,A2,3000
owner,A2,3000
pack,A2,3000
pain,A2,3000
painter,A2,3000
palace,A2,3000
parking,A2,3000
particular,A2,3000
pass,A2,3000
passenger,A2,3000
patient,A2,3000
pattern,A2,3000
peace,A2,3000
penny,A2,3000
per,A2,3000
percent,A2,3000
perform,A2,3000
perhaps,A2,3000
permission,A2,3000
personality,A2,3000
pet,A2,3000
physical,A2,3000
physics,A2,3000
pick,A2,3000
pilot,A2,3000
planet,A2,3000
plastic,A2,3000
plate,A2,3000
platform,A2,3000
pleased,A2,3000
pocket,A2,3000
polite,A2,3000
pollution,A2,3000
pop,A2,3000
population,A2,3000
position,A2,3000
possession,A2,3000
possibility,A2,3000
poster,A2,3000
power,A2,3000
predict,A2,3000
president,A2,3000
prevent,A2,3000
print,A2,3000
printer,A2,3000
prison,A2,3000
prize,A2,3000
process,A2,3000
produce,A2,3000
professional,A2,3000
professor,A2,3000
profile,A2,3000
progress,A2,3000
promise,A2,3000
pronounce,A2,3000
protect,A2,3000
provide,A2,3000
public,A2,3000
publish,A2,3000
pull,A2,3000
purpose,A2,3000
push,A2,3000
quality,A2,3000
quantity,A2,3000
queen,A2,3000
quietly,A2,3000
race,A2,3000
railroad,A2,3000
raise,A2,3000
rate,A2,3000
rather,A2,3000
reach,A2,3000
react,A2,3000
realize,A2,3000
receive,A2,3000
recent,A2,3000
recently,A2,3000
reception,A2,3000
recipe,A2,3000
recognize,A2,3000
recommend,A2,3000
record,A2,3000
recording,A2,3000
recycle,A2,3000
reduce,A2,3000
refer,A2,3000
refrigerator,A2,3000
refuse,A2,3000
region,A2,3000
regular,A2,3000
relationship,A2,3000
remove,A2,3000
repair,A2,3000
replace,A2,3000
reply,A2,3000
reporter,A2,3000
request,A2,3000
research,A2,3000
researcher,A2,3000
respond,A2,3000
response,A2,3000
rest,A2,3000
review,A2,3000
ring,A2,3000
rise,A2,3000
rock,A2,3000
role,A2,3000
roof,A2,3000
round,A2,3000
route,A2,3000
rude,A2,3000
runner,A2,3000
running,A2,3000
sadly,A2,3000
safe,A2,3000
sail,A2,3000
sailing,A2,3000
salary,A2,3000
sale,A2,3000
sauce,A2,3000
save,A2,3000
scared,A2,3000
scary,A2,3000
scene,A2,3000
schedule,A2,3000
score,A2,3000
screen,A2,3000
sea,A2,3000
search,A2,3000
season,A2,3000
seat,A2,3000
secret,A2,3000
secretary,A2,3000
seem,A2,3000
sense,A2,3000
separate,A2,3000
series,A2,3000
serious,A2,3000
serve,A2,3000
service,A2,3000
several,A2,3000
shake,A2,3000
shape,A2,3000
sheet,A2,3000
ship,A2,3000
shoulder,A2,3000
shout,A2,3000
shut,A2,3000
side,A2,3000
sign,A2,3000
silver,A2,3000
simple,A2,3000
since,A2,3000
singing,A2,3000
single,A2,3000
sir,A2,3000
site,A2,3000
size,A2,3000
ski,A2,3000
skiing,A2,3000
skin,A2,3000
sky,A2,3000
slowly,A2,3000
smartphone,A2,3000
smell,A2,3000
smile,A2,3000
smoke,A2,3000
smoking,A2,3000
sneaker,A2,3000
soap,A2,3000
soccer,A2,3000
social,A2,3000
society,A2,3000
sock,A2,3000
soft,A2,3000
soldier,A2,3000
solution,A2,3000
solve,A2,3000
somewhere,A2,3000
sort,A2,3000
source,A2,3000
speaker,A2,3000
specific,A2,3000
speech,A2,3000
speed,A2,3000
spider,A2,3000
spoon,A2,3000
square,A2,3000
stage,A2,3000
stair,A2,3000
stamp,A2,3000
state,A2,3000
steal,A2,3000
step,A2,3000
stomach,A2,3000
stone,A2,3000
storm,A2,3000
stove,A2,3000
straight,A2,3000
strange,A2,3000
strategy,A2,3000
stress,A2,3000
structure,A2,3000
stupid,A2,3000
subway,A2,3000
succeed,A2,3000
successful,A2,3000
such,A2,3000
suddenly,A2,3000
suggest,A2,3000
suggestion,A2,3000
suit,A2,3000
support,A2,3000
suppose,A2,3000
surprise,A2,3000
surprised,A2,3000
surprising,A2,3000
survey,A2,3000
sweet,A2,3000
symbol,A2,3000
system,A2,3000
tablet,A2,3000
target,A2,3000
task,A2,3000
taste,A2,3000
teaching,A2,3000
technology,A2,3000
teenage,A2,3000
temperature,A2,3000
term,A2,3000
themselves,A2,3000
thick,A2,3000
thief,A2,3000
thin,A2,3000
thinking,A2,3000
thought,A2,3000
throw,A2,3000
tie,A2,3000
tip,A2,3000
tool,A2,3000
top,A2,3000
touch,A2,3000
tour,A2,3000
tourism,A2,3000
toward,A2,3000
towel,A2,3000
tower,A2,3000
toy,A2,3000
track,A2,3000
tradition,A2,3000
traditional,A2,3000
training,A2,3000
transportation,A2,3000
trash,A2,3000
traveler,A2,3000
trouble,A2,3000
twin,A2,3000
typical,A2,3000
underground,A2,3000
understanding,A2,3000
unfortunately,A2,3000
unhappy,A2,3000
uniform,A2,3000
unit,A2,3000
united,A2,3000
unusual,A2,3000
used to,A2,3000
user,A2,3000
usual,A2,3000
valley,A2,3000
variety,A2,3000
vehicle,A2,3000
view,A2,3000
village,A2,3000
virus,A2,3000
voice,A2,3000
war,A2,3000
washing,A2,3000
wave,A2,3000
weak,A2,3000
web,A2,3000
wedding,A2,3000
weight,A2,3000
wet,A2,3000
wheel,A2,3000
while,A2,3000
whole,A2,3000
whose,A2,3000
wide,A2,3000
wild,A2,3000
wind,A2,3000
winner,A2,3000
wish,A2,3000
wood,A2,3000
wooden,A2,3000
working,A2,3000
worried,A2,3000
worry,A2,3000
worse,A2,3000
worst,A2,3000
wow,A2,3000
yet,A2,3000
yours,A2,3000
zero,A2,3000
absolutely,B1,3000
academic,B1,3000
access,B1,3000
account,B1,3000
achievement,B1,3000
ad,B1,3000
addition,B1,3000
administration,B1,3000
admire,B1,3000
admit,B1,3000
advanced,B1,3000
advise,B1,3000
afford,B1,3000
agent,B1,3000
agreement,B1,3000
ahead,B1,3000
aim,B1,3000
alarm,B1,3000
album,B1,3000
alcohol,B1,3000
alcoholic,B1,3000
amazed,B1,3000
ambition,B1,3000
analysis,B1,3000
announce,B1,3000
announcement,B1,3000
annoy,B1,3000
annoyed,B1,3000
annoying,B1,3000
apart,B1,3000
apologize,B1,3000
application,B1,3000
appointment,B1,3000
appreciate,B1,3000
approximately,B1,3000
arrest,B1,3000
arrival,B1,3000
assignment,B1,3000
assist,B1,3000
atmosphere,B1,3000
attach,B1,3000
attitude,B1,3000
attract,B1,3000
attraction,B1,3000
authority,B1,3000
automatic,B1,3000
automatically,B1,3000
aware,B1,3000
backward,B1,3000
bake,B1,3000
balance,B1,3000
ban,B1,3000
base,B1,3000
basic,B1,3000
basis,B1,3000
battery,B1,3000
battle,B1,3000
beauty,B1,3000
bee,B1,3000
belief,B1,3000
bell,B1,3000
bend,B1,3000
bite,B1,3000
bomb,B1,3000
border,B1,3000
bother,B1,3000
branch,B1,3000
brand,B1,3000
brave,B1,3000
breath,B1,3000
breathe,B1,3000
breathing,B1,3000
bride,B1,3000
bubble,B1,3000
bury,B1,3000
cable,B1,3000
calm,B1,3000
campaign,B1,3000
candidate,B1,3000
cap,B1,3000
captain,B1,3000
careless,B1,3000
category,B1,3000
ceiling,B1,3000
celebration,B1,3000
central,B1,3000
ceremony,B1,3000
chain,B1,3000
challenge,B1,3000
champion,B1,3000
channel,B1,3000
chapter,B1,3000
charge,B1,3000
cheat,B1,3000
cheerful,B1,3000
chemical,B1,3000
chest,B1,3000
childhood,B1,3000
claim,B1,3000
clause,B1,3000
clever,B1,3000
click,B1,3000
client,B1,3000
cloth,B1,3000
clue,B1,3000
coal,B1,3000
coin,B1,3000
collection,B1,3000
colored,B1,3000
combine,B1,3000
commercial,B1,3000
commit,B1,3000
communication,B1,3000
comparison,B1,3000
competitive,B1,3000
competitor,B1,3000
complaint,B1,3000
complex,B1,3000
concentrate,B1,3000
conclude,B1,3000
conclusion,B1,3000
confident,B1,3000
confirm,B1,3000
confuse,B1,3000
confused,B1,3000
connection,B1,3000
consequence,B1,3000
consist,B1,3000
consume,B1,3000
consumer,B1,3000
contact,B1,3000
container,B1,3000
content,B1,3000
continuous,B1,3000
contrast,B1,3000
convenient,B1,3000
convince,B1,3000
corn,B1,3000
costume,B1,3000
cotton,B1,3000
countryside,B1,3000
court,B1,3000
covered,B1,3000
cruel,B1,3000
cultural,B1,3000
cupboard,B1,3000
currency,B1,3000
current,B1,3000
currently,B1,3000
curtain,B1,3000
custom,B1,3000
damage,B1,3000
decade,B1,3000
define,B1,3000
definite,B1,3000
definition,B1,3000
deliver,B1,3000
departure,B1,3000
despite,B1,3000
destination,B1,3000
determine,B1,3000
determined,B1,3000
development,B1,3000
diagram,B1,3000
diamond,B1,3000
difficulty,B1,3000
directly,B1,3000
dirt,B1,3000
disadvantage,B1,3000
disappointed,B1,3000
disappointing,B1,3000
discount,B1,3000
dislike,B1,3000
district,B1,3000
divide,B1,3000
documentary,B1,3000
donate,B1,3000
doubt,B1,3000
dressed,B1,3000
drum,B1,3000
drunk,B1,3000
due,B1,3000
dust,B1,3000
duty,B1,3000
earthquake,B1,3000
eastern,B1,3000
economic,B1,3000
economy,B1,3000
edge,B1,3000
editor,B1,3000
educate,B1,3000
educated,B1,3000
educational,B1,3000
effective,B1,3000
effectively,B1,3000
effort,B1,3000
election,B1,3000
element,B1,3000
embarrassed,B1,3000
embarrassing,B1,3000
emergency,B1,3000
emotion,B1,3000
employment,B1,3000
encourage,B1,3000
enemy,B1,3000
engaged,B1,3000
engineering,B1,3000
entertain,B1,3000
entertainment,B1,3000
entrance,B1,3000
entry,B1,3000
environmental,B1,3000
episode,B1,3000
equal,B1,3000
equally,B1,3000
escape,B1,3000
essential,B1,3000
eventually,B1,3000
examine,B1,3000
exchange,B1,3000
excitement,B1,3000
exhibition,B1,3000
exit,B1,3000
expand,B1,3000
expected,B1,3000
experienced,B1,3000
explode,B1,3000
explore,B1,3000
explosion,B1,3000
export,B1,3000
fairly,B1,3000
familiar,B1,3000
fancy,B1,3000
fascinating,B1,3000
fashionable,B1,3000
fasten,B1,3000
favor,B1,3000
federal,B1,3000
fence,B1,3000
fighting,B1,3000
file,B1,3000
financial,B1,3000
fitness,B1,3000
fixed,B1,3000
flag,B1,3000
flood,B1,3000
flour,B1,3000
flow,B1,3000
fold,B1,3000
folk,B1,3000
force,B1,3000
forever,B1,3000
frame,B1,3000
freeze,B1,3000
frequently,B1,3000
friendship,B1,3000
frighten,B1,3000
frightened,B1,3000
frightening,B1,3000
frozen,B1,3000
fry,B1,3000
fuel,B1,3000
function,B1,3000
fur,B1,3000
garage,B1,3000
gather,B1,3000
generally,B1,3000
generation,B1,3000
generous,B1,3000
gentle,B1,3000
gentleman,B1,3000
ghost,B1,3000
giant,B1,3000
glad,B1,3000
global,B1,3000
glove,B1,3000
grade,B1,3000
graduate,B1,3000
grain,B1,3000
grateful,B1,3000
growth,B1,3000
guard,B1,3000
guilty,B1,3000
hang,B1,3000
happiness,B1,3000
hardly,B1,3000
headline,B1,3000
heating,B1,3000
heavily,B1,3000
helicopter,B1,3000
highlight,B1,3000
highly,B1,3000
highway,B1,3000
hire,B1,3000
historic,B1,3000
historical,B1,3000
honest,B1,3000
horrible,B1,3000
horror,B1,3000
host,B1,3000
hunt,B1,3000
hurricane,B1,3000
hurry,B1,3000
identity,B1,3000
ignore,B1,3000
illegal,B1,3000
imaginary,B1,3000
immediate,B1,3000
immigrant,B1,3000
impact,B1,3000
import,B1,3000
importance,B1,3000
impression,B1,3000
impressive,B1,3000
improvement,B1,3000
incredibly,B1,3000
indeed,B1,3000
indicate,B1,3000
indirect,B1,3000
indoor,B1,3000
indoors,B1,3000
influence,B1,3000
ingredient,B1,3000
injure,B1,3000
injured,B1,3000
innocent,B1,3000
intelligence,B1,3000
intend,B1,3000
intention,B1,3000
invest,B1,3000
investigate,B1,3000
involved,B1,3000
iron,B1,3000
issue,B1,3000
journal,B1,3000
journey,B1,3000
judge,B1,3000
keyboard,B1,3000
kick,B1,3000
killing,B1,3000
kiss,B1,3000
label,B1,3000
laboratory,B1,3000
lack,B1,3000
latest,B1,3000
lay,B1,3000
layer,B1,3000
leading,B1,3000
leaf,B1,3000
leather,B1,3000
legal,B1,3000
leisure,B1,3000
length,B1,3000
limit,B1,3000
lip,B1,3000
liquid,B1,3000
literature,B1,3000
living,B1,3000
locate,B1,3000
located,B1,3000
location,B1,3000
lonely,B1,3000
loss,B1,3000
luxury,B1,3000
mad,B1,3000
magic,B1,3000
mainly,B1,3000
management,B1,3000
marketing,B1,3000
marriage,B1,3000
meanwhile,B1,3000
measure,B1,3000
medium,B1,3000
mental,B1,3000
mess,B1,3000
mild,B1,3000
mix,B1,3000
mixture,B1,3000
mood,B1,3000
mud,B1,3000
murder,B1,3000
muscle,B1,3000
mystery,B1,3000
nail,B1,3000
narrative,B1,3000
nation,B1,3000
native,B1,3000
naturally,B1,3000
neat,B1,3000
necessarily,B1,3000
needle,B1,3000
net,B1,3000
nor,B1,3000
northern,B1,3000
nuclear,B1,3000
obvious,B1,3000
obviously,B1,3000
occasion,B1,3000
occur,B1,3000
odd,B1,3000
official,B1,3000
old-fashioned,B1,3000
operation,B1,3000
organized,B1,3000
organizer,B1,3000
originally,B1,3000
ought,B1,3000
ours,B1,3000
outdoor,B1,3000
outdoors,B1,3000
package,B1,3000
painful,B1,3000
pale,B1,3000
pan,B1,3000
participate,B1,3000
particularly,B1,3000
passion,B1,3000
path,B1,3000
payment,B1,3000
peaceful,B1,3000
percentage,B1,3000
perfectly,B1,3000
performance,B1,3000
personally,B1,3000
persuade,B1,3000
photographer,B1,3000
photography,B1,3000
pin,B1,3000
pipe,B1,3000
planning,B1,3000
pleasant,B1,3000
pleasure,B1,3000
plenty,B1,3000
plot,B1,3000
plus,B1,3000
poem,B1,3000
poet,B1,3000
poetry,B1,3000
poison,B1,3000
poisonous,B1,3000
policy,B1,3000
political,B1,3000
politician,B1,3000
politics,B1,3000
port,B1,3000
portrait,B1,3000
possibly,B1,3000
pot,B1,3000
pour,B1,3000
poverty,B1,3000
powder,B1,3000
powerful,B1,3000
practical,B1,3000
pray,B1,3000
prayer,B1,3000
prediction,B1,3000
prepared,B1,3000
presentation,B1,3000
press,B1,3000
pressure,B1,3000
pretend,B1,3000
previous,B1,3000
previously,B1,3000
priest,B1,3000
primary,B1,3000
prince,B1,3000
princess,B1,3000
principal,B1,3000
printing,B1,3000
prisoner,B1,3000
private,B1,3000
producer,B1,3000
production,B1,3000
profession,B1,3000
profit,B1,3000
promote,B1,3000
proper,B1,3000
properly,B1,3000
property,B1,3000
protest,B1,3000
proud,B1,3000
prove,B1,3000
punish,B1,3000
punishment,B1,3000
qualification,B1,3000
qualified,B1,3000
qualify,B1,3000
quit,B1,3000
quotation,B1,3000
quote,B1,3000
racing,B1,3000
range,B1,3000
rare,B1,3000
rarely,B1,3000
reaction,B1,3000
reality,B1,3000
receipt,B1,3000
recommendation,B1,3000
reference,B1,3000
reflect,B1,3000
regularly,B1,3000
reject,B1,3000
relate,B1,3000
related,B1,3000
relation,B1,3000
relative,B1,3000
relaxed,B1,3000
relaxing,B1,3000
release,B1,3000
reliable,B1,3000
religion,B1,3000
religious,B1,3000
remain,B1,3000
remind,B1,3000
remote,B1,3000
rent,B1,3000
repeated,B1,3000
represent,B1,3000
require,B1,3000
reservation,B1,3000
resource,B1,3000
respect,B1,3000
responsibility,B1,3000
responsible,B1,3000
retire,B1,3000
retired,B1,3000
revise,B1,3000
risk,B1,3000
robot,B1,3000
roll,B1,3000
romantic,B1,3000
rope,B1,3000
rough,B1,3000
row,B1,3000
royal,B1,3000
safety,B1,3000
sailor,B1,3000
sample,B1,3000
sand,B1,3000
scan,B1,3000
scientific,B1,3000
script,B1,3000
sculpture,B1,3000
secondary,B1,3000
security,B1,3000
seed,B1,3000
sensible,B1,3000
seriously,B1,3000
servant,B1,3000
set,B1,3000
setting,B1,3000
sex,B1,3000
sexual,B1,3000
sharp,B1,3000
shelf,B1,3000
shell,B1,3000
shift,B1,3000
shine,B1,3000
shiny,B1,3000
shoot,B1,3000
shy,B1,3000
sight,B1,3000
signal,B1,3000
silent,B1,3000
silly,B1,3000
similarity,B1,3000
similarly,B1,3000
simply,B1,3000
sink,B1,3000
slave,B1,3000
slice,B1,3000
slightly,B1,3000
smooth,B1,3000
software,B1,3000
soil,B1,3000
solid,B1,3000
southern,B1,3000
specifically,B1,3000
spending,B1,3000
spicy,B1,3000
spirit,B1,3000
spoken,B1,3000
spot,B1,3000
spread,B1,3000
stadium,B1,3000
staff,B1,3000
standard,B1,3000
statistic,B1,3000
statue,B1,3000
stick,B1,3000
stranger,B1,3000
strength,B1,3000
string,B1,3000
strongly,B1,3000
studio,B1,3000
stuff,B1,3000
substance,B1,3000
successfully,B1,3000
sudden,B1,3000
suffer,B1,3000
suitable,B1,3000
summarize,B1,3000
summary,B1,3000
supply,B1,3000
supporter,B1,3000
surely,B1,3000
surface,B1,3000
survive,B1,3000
switch,B1,3000
symptom,B1,3000
tail,B1,3000
talent,B1,3000
talented,B1,3000
tape,B1,3000
tax,B1,3000
technical,B1,3000
technique,B1,3000
tend,B1,3000
tent,B1,3000
theirs,B1,3000
theme,B1,3000
theory,B1,3000
therefore,B1,3000
though,B1,3000
throat,B1,3000
throughout,B1,3000
tight,B1,3000
till,B1,3000
tiny,B1,3000
tire,B1,3000
toe,B1,3000
ton,B1,3000
tongue,B1,3000
total,B1,3000
totally,B1,3000
trade,B1,3000
trainer,B1,3000
translate,B1,3000
translation,B1,3000
transport,B1,3000
treat,B1,3000
treatment,B1,3000
trend,B1,3000
trick,B1,3000
truth,B1,3000
tube,B1,3000
typically,B1,3000
ugly,B1,3000
unable,B1,3000
uncomfortable,B1,3000
underwear,B1,3000
unemployed,B1,3000
unemployment,B1,3000
unfair,B1,3000
union,B1,3000
unless,B1,3000
unlike,B1,3000
unlikely,B1,3000
unnecessary,B1,3000
unpleasant,B1,3000
update,B1,3000
upon,B1,3000
upset,B1,3000
valuable,B1,3000
value,B1,3000
various,B1,3000
version,B1,3000
victim,B1,3000
viewer,B1,3000
violent,B1,3000
volunteer,B1,3000
vote,B1,3000
warn,B1,3000
warning,B1,3000
waste,B1,3000
weapon,B1,3000
weigh,B1,3000
western,B1,3000
whatever,B1,3000
whenever,B1,3000
whether,B1,3000
wing,B1,3000
within,B1,3000
wonder,B1,3000
wool,B1,3000
worldwide,B1,3000
worth,B1,3000
written,B1,3000
youth,B1,3000
abandon,B2,3000
abroad,B2,3000
absolute,B2,3000
acceptable,B2,3000
accompany,B2,3000
accurate,B2,3000
accuse,B2,3000
acknowledge,B2,3000
acquire,B2,3000
actual,B2,3000
adapt,B2,3000
additional,B2,3000
adopt,B2,3000
advance,B2,3000
affair,B2,3000
afterward,B2,3000
agency,B2,3000
agenda,B2,3000
aggressive,B2,3000
aid,B2,3000
aircraft,B2,3000
alter,B2,3000
anger,B2,3000
angle,B2,3000
anniversary,B2,3000
annual,B2,3000
anxious,B2,3000
apparent,B2,3000
apparently,B2,3000
appeal,B2,3000
approach,B2,3000
appropriate,B2,3000
approval,B2,3000
approve,B2,3000
arise,B2,3000
armed,B2,3000
arms,B2,3000
artificial,B2,3000
artistic,B2,3000
ashamed,B2,3000
aside,B2,3000
aspect,B2,3000
assess,B2,3000
assessment,B2,3000
associate,B2,3000
associated,B2,3000
association,B2,3000
assume,B2,3000
attempt,B2,3000
attorney,B2,3000
bacteria,B2,3000
barrier,B2,3000
basically,B2,3000
beg,B2,3000
being,B2,3000
bent,B2,3000
bet,B2,3000
beyond,B2,3000
bitter,B2,3000
blame,B2,3000
blind,B2,3000
bond,B2,3000
breast,B2,3000
brief,B2,3000
broad,B2,3000
broadcast,B2,3000
budget,B2,3000
bullet,B2,3000
bunch,B2,3000
bush,B2,3000
calculate,B2,3000
cancel,B2,3000
cancer,B2,3000
capable,B2,3000
capacity,B2,3000
capture,B2,3000
cast,B2,3000
chairman,B2,3000
characteristic,B2,3000
chief,B2,3000
circumstance,B2,3000
cite,B2,3000
citizen,B2,3000
civil,B2,3000
classic,B2,3000
closely,B2,3000
collapse,B2,3000
combination,B2,3000
comfort,B2,3000
command,B2,3000
commission,B2,3000
commitment,B2,3000
committee,B2,3000
commonly,B2,3000
complicated,B2,3000
component,B2,3000
concentration,B2,3000
concept,B2,3000
concern,B2,3000
concerned,B2,3000
conduct,B2,3000
confidence,B2,3000
conflict,B2,3000
confusing,B2,3000
congress,B2,3000
conscious,B2,3000
conservative,B2,3000
consideration,B2,3000
consistent,B2,3000
constant,B2,3000
constantly,B2,3000
construct,B2,3000
construction,B2,3000
contemporary,B2,3000
contest,B2,3000
contract,B2,3000
contribute,B2,3000
contribution,B2,3000
convert,B2,3000
convinced,B2,3000
core,B2,3000
corporate,B2,3000
council,B2,3000
county,B2,3000
courage,B2,3000
crash,B2,3000
creation,B2,3000
creature,B2,3000
crew,B2,3000
crisis,B2,3000
criterion,B2,3000
critic,B2,3000
critical,B2,3000
criticism,B2,3000
criticize,B2,3000
crop,B2,3000
crucial,B2,3000
cure,B2,3000
curve,B2,3000
curved,B2,3000
debate,B2,3000
debt,B2,3000
decent,B2,3000
declare,B2,3000
decline,B2,3000
decorate,B2,3000
decoration,B2,3000
decrease,B2,3000
deeply,B2,3000
defeat,B2,3000
defend,B2,3000
defense,B2,3000
delay,B2,3000
deliberate,B2,3000
deliberately,B2,3000
delivery,B2,3000
demand,B2,3000
demonstrate,B2,3000
deny,B2,3000
depressed,B2,3000
depressing,B2,3000
depth,B2,3000
deserve,B2,3000
desire,B2,3000
desperate,B2,3000
detailed,B2,3000
detect,B2,3000
dig,B2,3000
discipline,B2,3000
dishonest,B2,3000
disk,B2,3000
dismiss,B2,3000
display,B2,3000
distribute,B2,3000
distribution,B2,3000
division,B2,3000
domestic,B2,3000
dominate,B2,3000
downward,B2,3000
dozen,B2,3000
draft,B2,3000
drag,B2,3000
dramatic,B2,3000
edit,B2,3000
edition,B2,3000
efficient,B2,3000
elderly,B2,3000
elect,B2,3000
elsewhere,B2,3000
emerge,B2,3000
emotional,B2,3000
emphasis,B2,3000
emphasize,B2,3000
enable,B2,3000
encounter,B2,3000
engage,B2,3000
enhance,B2,3000
ensure,B2,3000
enthusiasm,B2,3000
enthusiastic,B2,3000
entire,B2,3000
entirely,B2,3000
establish,B2,3000
estate,B2,3000
estimate,B2,3000
ethical,B2,3000
evaluate,B2,3000
evil,B2,3000
examination,B2,3000
excuse,B2,3000
executive,B2,3000
exhibit,B2,3000
existence,B2,3000
expectation,B2,3000
expense,B2,3000
exploration,B2,3000
expose,B2,3000
extend,B2,3000
extent,B2,3000
external,B2,3000
extraordinary,B2,3000
facility,B2,3000
failure,B2,3000
faith,B2,3000
fault,B2,3000
feather,B2,3000
fee,B2,3000
feedback,B2,3000
fellow,B2,3000
finance,B2,3000
finding,B2,3000
firm,B2,3000
flame,B2,3000
flash,B2,3000
flexible,B2,3000
float,B2,3000
folding,B2,3000
forgive,B2,3000
former,B2,3000
fortune,B2,3000
found,B2,3000
freedom,B2,3000
frequency,B2,3000
fully,B2,3000
fund,B2,3000
fundamental,B2,3000
funding,B2,3000
furthermore,B2,3000
gain,B2,3000
gang,B2,3000
generate,B2,3000
genre,B2,3000
goods,B2,3000
govern,B2,3000
governor,B2,3000
grab,B2,3000
gradually,B2,3000
grand,B2,3000
grant,B2,3000
guarantee,B2,3000
handle,B2,3000
harm,B2,3000
harmful,B2,3000
hearing,B2,3000
heaven,B2,3000
heel,B2,3000
hell,B2,3000
hesitate,B2,3000
hollow,B2,3000
holy,B2,3000
honor,B2,3000
household,B2,3000
housing,B2,3000
humor,B2,3000
humorous,B2,3000
hunting,B2,3000
illustrate,B2,3000
illustration,B2,3000
imagination,B2,3000
impatient,B2,3000
imply,B2,3000
impose,B2,3000
impress,B2,3000
impressed,B2,3000
inch,B2,3000
incident,B2,3000
income,B2,3000
increasingly,B2,3000
industrial,B2,3000
infection,B2,3000
inform,B2,3000
initial,B2,3000
initially,B2,3000
initiative,B2,3000
inner,B2,3000
inquiry,B2,3000
insight,B2,3000
insist,B2,3000
inspire,B2,3000
install,B2,3000
instance,B2,3000
institute,B2,3000
institution,B2,3000
insurance,B2,3000
intended,B2,3000
intense,B2,3000
internal,B2,3000
interpret,B2,3000
interrupt,B2,3000
investigation,B2,3000
investment,B2,3000
joy,B2,3000
judgment,B2,3000
junior,B2,3000
justice,B2,3000
justify,B2,3000
labor,B2,3000
landscape,B2,3000
largely,B2,3000
launch,B2,3000
leadership,B2,3000
league,B2,3000
lean,B2,3000
license,B2,3000
limited,B2,3000
lively,B2,3000
load,B2,3000
loan,B2,3000
logical,B2,3000
long-term,B2,3000
loose,B2,3000
lord,B2,3000
lower,B2,3000
lung,B2,3000
maintain,B2,3000
majority,B2,3000
mass,B2,3000
massive,B2,3000
master,B2,3000
matching,B2,3000
maximum,B2,3000
means,B2,3000
measurement,B2,3000
melt,B2,3000
military,B2,3000
mineral,B2,3000
minimum,B2,3000
minister,B2,3000
minor,B2,3000
minority,B2,3000
mission,B2,3000
mixed,B2,3000
modify,B2,3000
monitor,B2,3000
moral,B2,3000
motor,B2,3000
mount,B2,3000
multiple,B2,3000
multiply,B2,3000
mysterious,B2,3000
nerve,B2,3000
nevertheless,B2,3000
nightmare,B2,3000
notion,B2,3000
numerous,B2,3000
obey,B2,3000
objective,B2,3000
obligation,B2,3000
observation,B2,3000
observe,B2,3000
obtain,B2,3000
occasionally,B2,3000
offend,B2,3000
offense,B2,3000
offensive,B2,3000
opening,B2,3000
operate,B2,3000
opponent,B2,3000
oppose,B2,3000
opposed,B2,3000
opposition,B2,3000
organ,B2,3000
origin,B2,3000
otherwise,B2,3000
outcome,B2,3000
outer,B2,3000
outline,B2,3000
overall,B2,3000
owe,B2,3000
pace,B2,3000
panel,B2,3000
participant,B2,3000
partly,B2,3000
passage,B2,3000
permanent,B2,3000
permit,B2,3000
perspective,B2,3000
phase,B2,3000
phenomenon,B2,3000
philosophy,B2,3000
pile,B2,3000
pitch,B2,3000
plain,B2,3000
pointed,B2,3000
popularity,B2,3000
pose,B2,3000
possess,B2,3000
potential,B2,3000
praise,B2,3000
pregnant,B2,3000
preparation,B2,3000
presence,B2,3000
preserve,B2,3000
prime,B2,3000
principle,B2,3000
priority,B2,3000
privacy,B2,3000
procedure,B2,3000
proof,B2,3000
proposal,B2,3000
propose,B2,3000
prospect,B2,3000
protection,B2,3000
psychologist,B2,3000
psychology,B2,3000
publication,B2,3000
purchase,B2,3000
pure,B2,3000
pursue,B2,3000
rank,B2,3000
rapid,B2,3000
rapidly,B2,3000
raw,B2,3000
realistic,B2,3000
reasonable,B2,3000
recall,B2,3000
recover,B2,3000
reduction,B2,3000
regard,B2,3000
regional,B2,3000
register,B2,3000
regret,B2,3000
regulation,B2,3000
relatively,B2,3000
relevant,B2,3000
relief,B2,3000
rely,B2,3000
remark,B2,3000
representative,B2,3000
reputation,B2,3000
requirement,B2,3000
rescue,B2,3000
reserve,B2,3000
resident,B2,3000
resist,B2,3000
resolve,B2,3000
resort,B2,3000
retain,B2,3000
reveal,B2,3000
revolution,B2,3000
reward,B2,3000
rhythm,B2,3000
rid,B2,3000
root,B2,3000
rub,B2,3000
rubber,B2,3000
rural,B2,3000
rush,B2,3000
satellite,B2,3000
satisfied,B2,3000
satisfy,B2,3000
saving,B2,3000
scale,B2,3000
scream,B2,3000
sector,B2,3000
secure,B2,3000
seek,B2,3000
select,B2,3000
selection,B2,3000
self,B2,3000
senate,B2,3000
senator,B2,3000
senior,B2,3000
sensitive,B2,3000
sequence,B2,3000
session,B2,3000
settle,B2,3000
severe,B2,3000
shade,B2,3000
shadow,B2,3000
shall,B2,3000
shallow,B2,3000
shame,B2,3000
shelter,B2,3000
shock,B2,3000
shocked,B2,3000
shooting,B2,3000
shot,B2,3000
significant,B2,3000
significantly,B2,3000
silence,B2,3000
silk,B2,3000
sincere,B2,3000
slide,B2,3000
slight,B2,3000
slip,B2,3000
slope,B2,3000
solar,B2,3000
somewhat,B2,3000
soul,B2,3000
specialist,B2,3000
species,B2,3000
spiritual,B2,3000
split,B2,3000
sponsor,B2,3000
stable,B2,3000
stare,B2,3000
status,B2,3000
steady,B2,3000
steel,B2,3000
steep,B2,3000
sticky,B2,3000
stiff,B2,3000
stock,B2,3000
stream,B2,3000
stretch,B2,3000
strict,B2,3000
strike,B2,3000
struggle,B2,3000
submit,B2,3000
sum,B2,3000
surgery,B2,3000
surround,B2,3000
surrounding,B2,3000
suspect,B2,3000
swear,B2,3000
sweep,B2,3000
sympathy,B2,3000
tale,B2,3000
tank,B2,3000
tear,B2,3000
temporary,B2,3000
therapy,B2,3000
threat,B2,3000
threaten,B2,3000
thus,B2,3000
tone,B2,3000
tough,B2,3000
transfer,B2,3000
transform,B2,3000
transition,B2,3000
trial,B2,3000
tropical,B2,3000
truly,B2,3000
trust,B2,3000
tune,B2,3000
tunnel,B2,3000
ultimately,B2,3000
unconscious,B2,3000
unexpected,B2,3000
unique,B2,3000
universe,B2,3000
unknown,B2,3000
upper,B2,3000
upward,B2,3000
urban,B2,3000
urge,B2,3000
van,B2,3000
vary,B2,3000
vast,B2,3000
venue,B2,3000
via,B2,3000
victory,B2,3000
violence,B2,3000
virtual,B2,3000
vision,B2,3000
visual,B2,3000
vital,B2,3000
vitamin,B2,3000
volume,B2,3000
wage,B2,3000
weakness,B2,3000
wealth,B2,3000
wealthy,B2,3000
whereas,B2,3000
wherever,B2,3000
whisper,B2,3000
whom,B2,3000
widely,B2,3000
wildlife,B2,3000
willing,B2,3000
wire,B2,3000
wise,B2,3000
witness,B2,3000
wound,B2,3000
wrap,B2,3000
zone,B2,3000
