2,00:01:00.602,00:01:05.231,"['the', 'Turkish', 'sultan', 'enslaved', '1,000', 'Transylvanian', 'boys']"
3,00:01:05.315,00:01:07.483,"['to', 'fill', 'the', 'ranks', 'of', 'his', 'army.']"
5,00:01:10.945,00:01:13.739,"['These', 'child', 'slaves', 'were', 'beaten', 'without', 'mercy–']"
7,00:01:15.992,00:01:19.245,"['trained', 'to', 'kill', 'without', 'conscience,']"
8,00:01:19.329,00:01:24.709,"['to', 'crave', 'the', 'blood', 'of', 'all', 'who', 'defied', 'the', 'Turks.']"
9,00:01:31.424,00:01:33.676,"['From', 'among', 'these', 'boys,']"
10,00:01:33.760,00:01:37.680,"['one', 'grew', 'into', 'a', 'warrior', 'so', 'fierce']"
11,00:01:37.764,00:01:42.560,"['that', 'entire', 'armies', 'would', 'retreat', 'in', 'terror', 'at', 'the', 'mention', 'of', 'his', 'name–']"
12,00:01:45.772,00:01:48.399,"['Vlad', 'the', 'Impaler.']"
13,00:01:48.483,00:01:51.444,"['Son', 'of', 'the', 'dragon.']"
15,00:01:54.781,00:01:57.241,"['Sickened', 'by', 'his', 'monstrous', 'acts,']"
16,00:01:57.325,00:02:00.161,"['Vlad', 'came', 'to', 'bury', 'his', 'past', 'with', 'the', 'dead']"
17,00:02:00.245,00:02:03.956,"['and', 'returned', 'to', 'Transylvania', 'to', 'rule', 'in', 'peace.']"
18,00:02:04.040,00:02:06.959,"['His', 'subjects', 'called', 'him', 'prince.']"
19,00:02:07.043,00:02:10.003,"['I', 'called', 'him', 'Father.']"
20,00:02:10.087,00:02:12.632,"['But', 'the', 'world', 'would', 'come', 'to', 'know', 'him', 'as']"
21,00:02:14.467,00:02:15.968,['Dracula.']
22,00:02:33.570,00:02:37.740,"['I', 'left', 'it', 'where', 'I', 'found', 'it.']"
23,00:02:40.702,00:02:42.745,"['What', 'do', 'you', 'think,', 'Vlad?']"
24,00:02:46.416,00:02:48.876,"['Bring', 'it', 'to', 'me.']"
25,00:02:59.471,00:03:02.014,"['This', 'belongs', 'to', 'a', 'scout.']"
26,00:03:02.098,00:03:04.642,"['One', 'of', 'Hamza', 'Bey’s', 'men.']"
27,00:03:04.726,00:03:07.102,"['What', 'the', 'hell’s', 'a', 'lone', 'Turk', 'doing', 'out', 'here?']"
28,00:03:07.186,00:03:10.606,"['Turkish', 'scouts', 'never', 'travel', 'alone.']"
29,00:03:10.690,00:03:12.358,"['If', 'there’s', 'one,', 'there’s', 'more.']"
30,00:03:12.442,00:03:16.112,"['And', 'whatever', 'they', 'scout,', 'they', 'conquer.']"
31,00:03:24.287,00:03:26.331,"['This', 'was', 'washed', 'downstream.']"
32,00:03:30.585,00:03:32.086,"['Came', 'from', 'up', 'there.']"
33,00:03:33.212,00:03:35.131,"['Broken', 'Tooth', 'Mountain.']"
34,00:03:36.048,00:03:38.216,"['Soon', 'it', 'will', 'be', 'night.']"
35,00:03:38.301,00:03:40.136,"['They’ll', 'seek', 'refuge.']"
36,00:03:41.471,00:03:43.889,"['Dumitru,', 'I', 'need', 'you', 'to', 'return', 'to', 'the', 'castle.']"
37,00:03:43.973,00:03:45.599,"['Alert', 'the', 'guards', 'and', 'double', 'the', 'sentry.']"
38,00:03:45.683,00:03:47.601,"['What?', 'I’m', 'not', 'leaving', 'you', 'here.']"
39,00:03:47.685,00:03:50.438,"['For', 'the', 'Turks', 'to', 'cross', 'into', 'my', 'land', 'is', 'a', 'sign', 'of', 'war.']"
40,00:03:50.522,00:03:52.230,"['What', 'are', 'you', 'going', 'to', 'do?']"
41,00:03:52.315,00:03:55.527,"['I’ll', 'do', 'what', 'princes', 'do', 'best–', 'negotiate.']"
42,00:03:56.403,00:03:57.904,"['Nicolae,', 'Andrei,', 'with', 'me.']"
44,00:04:28.893,00:04:30.019,['Anything?']
48,00:04:59.131,00:05:00.633,"['They’re', 'inside.']"
49,00:05:00.717,00:05:02.175,"['How', 'do', 'you', 'know?']"
50,00:05:02.259,00:05:04.470,"['Bats', 'don’t', 'come', 'out', 'during', 'the', 'day.']"
51,00:05:04.554,00:05:06.389,"['Something’s', 'disturbed', 'them.']"
52,00:05:09.100,00:05:10.893,"['Come', 'on.']"
53,00:05:58.065,00:06:00.067,"['What', 'is', 'it,', 'my', 'lord?']"
54,00:06:01.152,00:06:03.361,"['The', 'floor.']"
55,00:06:03.446,00:06:05.280,"['It’s', 'crushed', 'bone.']"
56,00:06:05.364,00:06:08.075,"['The', 'Turks', 'didn’t', 'do', 'this.']"
58,00:06:19.170,00:06:21.047,"['What’s', 'that?']"
60,00:06:25.510,00:06:27.720,"['We', 'leave.', 'Now.']"
65,00:07:12.724,00:07:15.017,['Hyah!']
66,00:07:33.911,00:07:37.540,"['The', 'creature', 'you', 'encountered', 'was', 'no', 'accident,', 'my', 'prince.']"
67,00:07:37.624,00:07:42.670,"['Four', 'nights', 'ago,', 'every', 'brother', 'in', 'our', 'order', 'awoke', 'from', 'an', 'identical', 'dream.']"
68,00:07:42.754,00:07:44.254,"['I', 'would', 'not', 'have', 'thought', 'it', 'possible']"
69,00:07:44.338,00:07:48.133,"['had', 'I', 'not', 'suffered', 'the', 'same', 'vision', 'myself', 'that', 'night–']"
70,00:07:48.217,00:07:52.221,"['of', 'a', 'creature', 'laying', 'siege', 'to', 'this', 'holy', 'place.']"
71,00:07:54.557,00:07:58.811,"['The', 'Roman', 'mystics', 'prophesized', 'the', 'coming', 'of', 'a', 'great', 'evil–']"
72,00:07:58.895,00:08:01.230,"['a', 'vampire.']"
73,00:08:02.857,00:08:07.653,"['From', 'the', 'Greek', 'word', 'pi–', '""to', 'drink.""']"
74,00:08:07.737,00:08:10.989,"['The', 'beast', 'was', 'once', 'a', 'mortal', 'man']"
75,00:08:11.073,00:08:16.328,"['who', 'summoned', 'a', 'demon', 'from', 'the', 'depths', 'of', 'hell', 'to', 'trade', 'for', 'his', 'dark', 'power.']"
76,00:08:16.412,00:08:20.666,"['The', 'demon', 'tricked', 'the', 'man,', 'granting', 'his', 'wish,']"
77,00:08:20.750,00:08:25.003,"['but', 'his', 'price', 'was', 'an', 'eternity', 'condemned', 'to', 'the', 'darkness', 'of', 'that', 'cave']"
78,00:08:25.087,00:08:28.508,"['where', 'he', 'remains', 'until', 'he', 'finds', 'another']"
79,00:08:29.551,00:08:31.052,"['to', 'set', 'him', 'free.']"
80,00:08:31.803,00:08:34.096,"['Now', 'you', 'know', 'its', 'true', 'face.']"
81,00:08:36.265,00:08:39.977,"['The', 'people', 'of', 'Transylvania', 'live', 'in', 'enough', 'fear', 'of', 'the', 'Turks’', 'return.']"
82,00:08:41.395,00:08:43.648,"['Promise', 'me', 'you’ll', 'guard', 'this', 'secret,', 'brother.']"
86,00:08:55.868,00:08:57.911,['Papa!']
88,00:08:57.995,00:09:00.372,"['I', 'missed', 'you.']"
89,00:09:00.456,00:09:01.958,"['VLAD:', 'And', 'I', 'you.']"
90,00:09:04.126,00:09:05.920,"['My', 'big', 'soldier.']"
91,00:09:10.299,00:09:12.467,"['What,', 'an', 'embrace', 'but', 'no', 'kiss?']"
92,00:09:12.552,00:09:15.847,"['Are', 'we', 'going', 'to', 'argue?']"
93,00:09:12.552,00:09:15.847,"['With', 'you', 'always', 'leaving,', 'I', 'need', 'my', 'fill.']"
94,00:09:18.057,00:09:20.226,"['Oh,', 'I’ve', 'missed', 'you.']"
95,00:09:22.604,00:09:24.606,"['Something', 'troubles', 'you.', 'What', 'is', 'it?']"
96,00:09:27.066,00:09:29.610,"['Only', 'the', 'impossible', 'depth', 'of', 'your', 'beauty.']"
97,00:09:29.694,00:09:32.738,"['Puts', 'the', 'rest', 'of', 'the', 'world', 'to', 'shame.']"
98,00:09:32.822,00:09:35.741,"['Pay', 'no', 'attention', 'to', 'your', 'father,', 'Ingeras.']"
99,00:09:35.825,00:09:38.160,"['Flattery', 'is', 'a', 'cheap', 'distraction', 'from', 'truth.']"
100,00:09:38.244,00:09:39.995,"['She', 'knows', 'all', 'my', 'tricks.']"
101,00:09:40.079,00:09:41.747,"['You’re', 'a', 'terrible', 'liar.']"
102,00:09:41.831,00:09:44.250,"['It’s', 'one', 'of', 'your', 'most', 'endearing', 'qualities.']"
103,00:09:45.501,00:09:47.503,"['You’re', 'just', 'in', 'time', 'for', 'bed.']"
106,00:09:56.137,00:09:58.639,"['-Can', 'we', 'go', 'riding', 'tomorrow,', 'Papa?', '-Of', 'course', 'we', 'can.']"
107,00:09:58.723,00:10:01.099,"['-You', 'most', 'certainly', 'cannot.', '-Why', 'not?']"
108,00:10:01.183,00:10:03.101,"['Because', 'tomorrow', 'is', 'the', 'day', 'of', 'our', 'risen', 'Lord.']"
109,00:10:03.185,00:10:05.605,"['-Of', 'course.', '-That’s', 'Easter.']"
110,00:10:06.230,00:10:07.982,"['What', 'was', 'I', 'thinking?']"
111,00:10:14.196,00:10:15.990,"['So', 'what', 'attacked', 'you?']"
112,00:10:17.116,00:10:18.618,['Wolves?']
113,00:10:19.869,00:10:21.704,"['I', 'suppose.']"
114,00:10:28.127,00:10:31.923,"['All', 'I', 'know', 'is', 'that', 'I’ve', 'lost', 'two', 'good', 'men', 'today.']"
115,00:10:49.440,00:10:51.400,"['There’s', 'something', 'more.']"
116,00:10:53.736,00:10:57.657,"['I', 'was', 'the', 'same', 'age', 'as', 'Ingeras', 'when', 'I', 'was', 'sent', 'to', 'live', 'with', 'the', 'Turks.']"
117,00:10:59.826,00:11:01.368,"['To', 'fight', 'for', 'them.']"
118,00:11:03.996,00:11:07.249,"['If', 'I', 'never', 'saw', 'another,', 'it', 'would', 'be', 'too', 'soon.']"
119,00:11:11.045,00:11:12.839,"['You’re', 'home', 'now.']"
120,00:11:14.673,00:11:17.676,"['For', 'almost', 'as', 'many', 'years', 'as', 'you', 'were', 'gone.']"
121,00:11:18.928,00:11:21.138,"['I', 'just', 'want', 'peace.']"
122,00:11:22.264,00:11:23.766,"['That’s', 'all.']"
126,00:11:49.375,00:11:51.376,"['an', 'Easter', 'toast.']"
127,00:11:51.460,00:11:54.212,"['Ten', 'years', 'of', 'peace', 'and', 'prosperity']"
128,00:11:54.296,00:11:56.381,"['ever', 'since', 'our', 'prince', 'came', 'back', 'to', 'us.']"
129,00:11:56.465,00:11:59.676,"['My', 'old', 'friend,', 'here’s', 'to', '20', 'more.']"
131,00:12:32.543,00:12:34.377,"['Hamza', 'Bey.']"
132,00:12:34.461,00:12:35.921,['Welcome.']
133,00:12:36.005,00:12:38.173,"['We', 'were', 'not', 'expecting', 'you', 'so', 'soon.']"
134,00:12:38.257,00:12:42.594,"['Sultan', 'Mehmed', 'II', 'offers', 'his', 'salutations', 'to', 'you', 'and', 'your', 'son.']"
135,00:12:42.678,00:12:46.015,"['Thank', 'him.', 'I', 'have', 'his', 'tribute', 'ready.']"
136,00:12:50.102,00:12:51.937,['Mmm.']
137,00:12:52.021,00:12:56.942,"['I’m', 'afraid', 'there’s', 'something', 'more', 'than', 'a', 'tribute', 'to', 'discuss.']"
138,00:12:57.026,00:12:58.944,"['The', 'Turks', 'have', 'no', 'enemies', 'here.']"
139,00:12:59.028,00:13:02.697,"['Did', 'you', 'think', 'we', 'would', 'not', 'notice', 'a', 'battalion', 'of', 'our', 'scouts', 'missing?']"
140,00:13:02.781,00:13:04.951,"['I', 'did', 'not', 'kill', 'them.']"
142,00:13:10.539,00:13:16.128,"['Locked', 'in', 'a', 'dark', 'cage,', 'hidden', 'away.']"
143,00:13:16.212,00:13:20.507,"['But', 'you', 'and', 'I...', 'we', 'both', 'know', 'it’s', 'there.']"
144,00:13:25.179,00:13:26.931,"['The', 'sultan’s', 'tribute.']"
145,00:13:28.182,00:13:29.683,"['Take', 'it', 'and', 'leave.']"
146,00:13:38.234,00:13:39.902,['Ah.']
147,00:13:39.986,00:13:42.154,"['There', 'is', 'one', 'last', 'thing.']"
148,00:13:44.531,00:13:48.826,"['The', 'sultan', 'requires', '1,000', 'boys', 'to', 'join', 'his', 'Janissary', 'Corps.']"
150,00:13:51.788,00:13:53.081,['No!']
151,00:13:51.788,00:13:53.081,['Never!']
152,00:13:53.165,00:13:55.333,"['VLAD:', 'Janissaries?']"
153,00:13:55.417,00:13:57.502,"['He', 'ended', 'that', 'practice', 'years', 'ago.']"
154,00:13:57.586,00:14:01.631,"['When', 'a', 'soldier', 'is', 'plucked', 'as', 'a', 'child']"
155,00:14:01.715,00:14:04.176,"['and', 'raised', 'to', 'know', 'no', 'other', 'life,']"
156,00:14:04.260,00:14:08.346,"['they', 'will', 'kill', 'without', 'question', 'and', 'die', 'without', 'complaint.']"
157,00:14:08.430,00:14:09.932,"['MAN:', 'Never!']"
158,00:14:10.016,00:14:14.102,"['Any', 'who', 'are', '15', 'years', 'of', 'age', 'or', 'older', 'will', 'fight', 'in', 'Hungary.']"
159,00:14:14.186,00:14:18.440,"['Those', '10', 'to', '14', 'will', 'be', 'made', 'ready', 'for', 'the', 'siege', 'on', 'Vienna.']"
160,00:14:19.984,00:14:22.569,"['The', 'sultan', 'expects', 'your', 'obedience.']"
161,00:14:22.653,00:14:24.362,"['After', 'all,']"
162,00:14:24.446,00:14:27.699,"['did', 'not', 'your', 'own', 'father', 'give', 'you', 'up', 'without', 'a', 'fight?']"
165,00:14:35.582,00:14:37.584,"['Don’t.', 'Please.']"
167,00:14:44.800,00:14:47.719,"['You', 'mean,', 'who', 'you', 'were.']"
168,00:14:50.097,00:14:52.307,"['You', 'have', 'no', 'army', 'and', 'no', 'choice,', 'Prince.']"
169,00:14:52.391,00:14:55.727,"['Follow', 'our', 'command,', 'or', 'suffer', 'the', 'consequences.']"
171,00:15:09.158,00:15:11.368,"['It', 'must', 'be', 'done.']"
172,00:15:11.452,00:15:13.578,"['Courage,', 'anger,', 'even', 'love–']"
173,00:15:13.662,00:15:15.663,"['none', 'of', 'these', 'can', 'matter', 'to', 'a', 'prince.']"
174,00:15:15.747,00:15:19.293,"['All', 'that', 'matters', 'is', 'his', 'duty', 'to', 'his', 'people.']"
175,00:15:23.089,00:15:25.841,"['INGERAS:', 'What', 'does', 'it', 'mean', 'to', 'be', 'a', 'royal', 'hostage?']"
176,00:15:27.176,00:15:30.345,"['My', 'father', 'gave', 'me', 'to', 'the', 'sultan', 'to', 'prove', 'his', 'loyalty.']"
177,00:15:30.429,00:15:33.765,"['Were', 'you', 'scared', 'there?', 'With', 'them.']"
178,00:15:33.849,00:15:36.685,"['I', 'wanted', 'to', 'make', 'my', 'father', 'proud.']"
179,00:15:37.853,00:15:40.189,"['Would', 'you', 'ever', 'give', 'me', 'to', 'the', 'sultan?']"
180,00:15:43.484,00:15:45.694,"['That', 'was', 'a', 'long', 'time', 'ago.']"
181,00:15:48.197,00:15:50.782,"['You', 'have', 'nothing', 'to', 'worry', 'about.']"
182,00:15:52.034,00:15:53.702,"['Do', 'you', 'understand?']"
183,00:15:55.704,00:15:57.206,['Good.']
185,00:16:13.097,00:16:15.307,"['they’ll', 'kill', 'a', 'hundred', 'for', 'every', 'one', 'I', 'save.']"
186,00:16:15.391,00:16:19.145,"['You', 'told', 'me', 'you', 'and', 'Mehmed', 'were', 'once', 'like', 'brothers.']"
187,00:16:20.771,00:16:22.772,"['Were', 'you', 'to', 'ask,']"
188,00:16:22.856,00:16:26.402,"['isn’t', 'it', 'possible', 'he', 'might', 'show', 'you', 'some', 'mercy?']"
190,00:16:50.967,00:16:52.844,"['You', 'ever', 'see', 'the', 'like', 'of', 'it?']"
191,00:16:52.928,00:16:55.764,"['Soon', 'the', 'entire', 'world', 'will', 'be', 'Turk.']"
192,00:17:11.488,00:17:13.282,"['Lord', 'Impaler.']"
193,00:17:14.825,00:17:16.827,"['My', 'oldest', 'of', 'friends.']"
194,00:17:18.829,00:17:20.663,"['I', 'miss', 'our', 'days', 'together.']"
195,00:17:20.747,00:17:23.708,"['All', 'I', 'miss', 'from', 'my', 'time', 'with', 'you', 'is', 'the', 'coffee.']"
196,00:17:23.792,00:17:26.336,"['It’s', 'true.', 'My', 'father’s', 'palace', 'was', 'a', 'cruel', 'place']"
197,00:17:26.420,00:17:28.130,"['for', 'a', 'young', 'boy', 'far', 'from', 'home.']"
198,00:17:28.214,00:17:30.465,"['But', 'soon', 'you', 'talked', 'like', 'us,']"
199,00:17:30.549,00:17:33.469,"['prayed', 'like', 'us,', 'fought', 'like', 'us.']"
200,00:17:34.511,00:17:36.638,"['Speaking', 'of', 'which,']"
201,00:17:36.722,00:17:38.974,"['I', 'am', 'owed', '1,000', 'boys.']"
202,00:17:40.559,00:17:43.270,"['Why', 'have', 'I', 'not', 'seen', 'them?']"
203,00:17:43.354,00:17:48.065,"['Mehmed,', 'my', 'brother,', 'I', 'will', 'grant', 'you', 'anything', 'else.']"
204,00:17:48.150,00:17:49.818,"['I', 'need', 'soldiers,']"
205,00:17:51.570,00:17:53.072,['brother.']
206,00:17:59.703,00:18:01.204,"['Then', 'take', 'me.']"
208,00:18:02.831,00:18:05.417,"['I’m', 'worth', 'a', 'thousand', 'boys,', 'and', 'you', 'know', 'it.']"
209,00:18:05.501,00:18:07.627,"['Those', 'kings', 'would', 'tremble', 'if', 'they', 'knew.']"
210,00:18:07.711,00:18:09.504,"['Then', 'accept', 'my', 'offer.']"
211,00:18:09.588,00:18:13.800,"['When', 'we', 'were', 'boys,', 'how', 'I', 'longed', 'to', 'fight', 'side', 'by', 'side.']"
212,00:18:13.884,00:18:17.429,"['But', 'now', 'I', 'am', 'sultan,', 'what', 'need', 'have', 'I', 'for', 'one', 'more', 'soldier?']"
213,00:18:17.513,00:18:19.806,"['I', 'will', 'have', 'my', 'thousand', 'boys.']"
214,00:18:21.267,00:18:22.893,"['And', 'one', 'more.']"
215,00:18:25.354,00:18:28.481,"['Your', 'son', 'will', 'be', 'raised', 'under', 'my', 'roof']"
216,00:18:28.565,00:18:31.943,"['just', 'as', 'you', 'were', 'raised', 'under', 'the', 'roof', 'of', 'my', 'father.']"
217,00:18:32.027,00:18:34.612,"['You', 'may', 'retain', 'your', 'throne.']"
218,00:18:34.696,00:18:39.159,"['But', 'General', 'Ismail', 'will', 'remain', 'to', 'see', 'that', 'my', 'orders', 'are', 'fulfilled.']"
221,00:18:44.873,00:18:47.876,"['If', 'you', 'are', 'virile,', 'you', 'will', 'make', 'plenty', 'more.']"
222,00:19:02.391,00:19:04.476,"['Whoa', 'there.']"
223,00:19:04.560,00:19:06.145,['Whoa.']
224,00:19:22.453,00:19:25.037,"['You', 'promised', 'me', 'this', 'would', 'never', 'happen.']"
225,00:19:22.453,00:19:25.037,"['Mirena,', 'listen.']"
226,00:19:25.121,00:19:27.665,"['The', 'day', 'you', 'asked', 'for', 'my', 'hand,', 'remember', 'what', 'I', 'said?']"
227,00:19:27.749,00:19:29.166,"['You', 'said', 'no.']"
230,00:19:32.838,00:19:35.006,"['You', 'said', 'things', 'would', 'be', 'different.']"
231,00:19:35.090,00:19:37.342,"['You', 'said', 'if', 'I', 'loved', 'you,', 'I', 'should', 'trust', 'you.']"
232,00:19:37.426,00:19:38.885,"['I', 'love', 'you.']"
233,00:19:38.969,00:19:40.845,"['Then', 'trust', 'me.']"
234,00:19:38.969,00:19:40.845,"['It’s', 'this', 'or', 'war.']"
236,00:19:44.350,00:19:46.851,"['Everything’s', 'fine,', 'boys.', 'They’re', 'just', 'saying', 'their', 'good-byes.']"
237,00:19:46.935,00:19:49.896,"['Come,', 'Mirena.', 'I', 'won’t', 'let', 'you–', 'You', 'promised', 'me', 'and', 'my', 'family!']"
238,00:19:50.772,00:19:52.690,"['Stop', 'it!', 'Don’t', 'touch', 'me!']"
239,00:19:52.774,00:19:55.235,"['I', 'won’t.', 'I', 'won’t', 'let', 'them', 'do', 'this.']"
240,00:19:55.319,00:19:57.279,"['Vlad,', 'don’t.', 'Don’t', 'do', 'this.']"
241,00:19:57.363,00:20:00.073,"['The', 'prince', 'is', 'doing–']"
242,00:20:03.118,00:20:04.619,"['No,', 'I', 'won’t', 'let', 'you', 'do', 'this!']"
243,00:20:04.703,00:20:07.498,"['I’ll', 'go.', 'I’ll', 'go!']"
244,00:20:18.384,00:20:19.885,"['I', 'can', 'do', 'it.']"
245,00:20:22.304,00:20:24.473,"['You’re', 'proud', 'of', 'me,', 'aren’t', 'you?']"
246,00:20:25.641,00:20:27.643,"['Of', 'course', 'I', 'am.']"
247,00:20:39.821,00:20:42.824,"['You', 'have', 'chosen', 'wisely.']"
248,00:20:42.908,00:20:45.910,"['Yeah,', 'I', 'have', 'to', 'say', 'we', 'are', 'a', 'little', 'disappointed.']"
249,00:20:45.994,00:20:50.666,"['Frankly,', 'I', 'expected', 'more', 'resistance', 'from', 'you.']"
250,00:21:04.220,00:21:06.348,"['Run', 'to', 'your', 'mother.']"
251,00:21:06.432,00:21:08.809,['What?']
252,00:21:06.432,00:21:08.809,['Now.']
253,00:21:12.688,00:21:14.189,"['Come', 'here.']"
254,00:21:16.567,00:21:18.193,"['Don’t', 'look.']"
255,00:21:58.900,00:22:02.363,"['Mehmed', 'will', 'punish', 'all', 'of', 'Transylvania', 'for', 'what', 'you', 'have', 'done.']"
256,00:22:03.655,00:22:06.074,"['It’s', 'not', 'a', 'child’s', 'place', 'to', 'save', 'his', 'country.']"
257,00:22:07.200,00:22:08.993,"['Get', 'my', 'family', 'to', 'the', 'castle.']"
259,00:22:12.080,00:22:13.831,"['More', 'will', 'come.']"
260,00:22:13.915,00:22:16.084,"['You', 'can’t', 'protect', 'us.']"
261,00:22:18.629,00:22:20.088,"['I’ll', 'find', 'a', 'way.']"
262,00:22:21.214,00:22:23.675,"['Vlad,', 'where', 'are', 'you', 'going?']"
263,00:22:23.759,00:22:27.429,"['Whatever', 'haunts', 'Broken', 'Tooth,', 'I', 'know', 'it', 'kills', 'Turks.', 'Hyah!']"
267,00:23:34.329,00:23:36.498,"['No', 'one', 'has', 'ever', 'returned.']"
268,00:23:43.004,00:23:46.424,"['It', 'seems', 'no', 'one', 'has', 'ever', 'had', 'the', 'privilege', 'of', 'leaving', 'either.']"
271,00:24:30.051,00:24:32.470,"['Those', 'who', 'enter', 'reek', 'of', 'fear.']"
272,00:24:33.597,00:24:37.350,"['In', 'you', 'I', 'sense', 'hope.']"
273,00:24:44.440,00:24:45.942,"['Your', 'silver', 'offends', 'me.']"
274,00:24:46.026,00:24:47.736,"['Cloak', 'it', 'from', 'my', 'sight.']"
275,00:24:51.823,00:24:57.328,"['What', 'kind', 'of', 'man', 'crawls', 'into', 'his', 'own', 'grave', 'in', 'search', 'of', 'hope?', 'Hmm?']"
276,00:24:57.412,00:24:59.664,"['A', 'desperate', 'one.']"
277,00:24:59.748,00:25:02.458,"['The', 'Turks', 'threaten', 'to', 'destroy', 'my', 'kingdom.']"
278,00:25:03.501,00:25:06.713,"['With', 'power', 'like', 'yours,', 'I', 'could', 'stop', 'them.']"
279,00:25:08.089,00:25:11.050,"['Save', 'my', 'people.', 'Save', 'my', 'family.']"
280,00:25:11.134,00:25:15.346,"['How', 'supremely', 'noble,', 'Lord', 'Impaler.']"
281,00:25:15.430,00:25:18.934,"['House', 'Dracul.', 'Son', 'of', 'the', 'devil.']"
282,00:25:19.851,00:25:22.019,"['You’re', 'mistaken.']"
283,00:25:22.103,00:25:24.606,"['It', 'means', '""son', 'of', 'the', 'dragon.""']"
284,00:25:24.690,00:25:27.024,"['""Protector', 'of', 'the', 'innocent.""']"
285,00:25:27.108,00:25:32.363,"['Do', 'your', 'people', 'know', 'how', 'many', 'innocents', 'you', 'have', 'killed?']"
287,00:25:36.117,00:25:37.535,['Yes.']
288,00:25:42.290,00:25:46.043,"['Lie', 'to', 'me', 'again,', 'and', 'I’ll', 'open', 'you', 'from', 'your', 'belly', 'to', 'your', 'brain']"
289,00:25:46.127,00:25:48.254,"['and', 'feed', 'you', 'your', 'intestines.']"
290,00:25:48.338,00:25:49.881,['Thousands.']
291,00:25:49.965,00:25:52.759,"['And', 'when', 'you', 'put', 'them', 'to', 'the', 'stake,', 'what', 'did', 'you', 'feel?']"
292,00:25:52.843,00:25:54.719,"['Shame?', 'Horror?']"
293,00:25:54.803,00:25:57.054,['Power?']
294,00:25:57.138,00:25:59.056,"['Answer', 'me!']"
295,00:25:59.140,00:26:00.642,['Nothing.']
296,00:26:00.726,00:26:02.476,"['I', 'felt', 'nothing.']"
297,00:26:02.560,00:26:04.604,"['A', 'greater', 'crime', 'than', 'the', 'act', 'itself.']"
298,00:26:04.688,00:26:08.232,"['Then', 'why', 'spill', 'blood', 'if', 'not', 'for', 'the', 'pleasure', 'of', 'it?']"
299,00:26:08.316,00:26:12.028,"['Because', 'men', 'do', 'not', 'fear', 'swords.']"
300,00:26:12.112,00:26:13.822,"['They', 'fear', 'monsters.']"
301,00:26:15.031,00:26:16.783,"['They', 'run', 'from', 'them.']"
302,00:26:16.867,00:26:21.245,"['By', 'putting', 'one', 'village', 'to', 'the', 'stake,', 'I', 'spared', '10', 'more.']"
303,00:26:21.329,00:26:24.749,"['Sometimes', 'the', 'world', 'no', 'longer', 'needs', 'a', 'hero.']"
304,00:26:24.833,00:26:28.419,"['Sometimes', 'what', 'it', 'needs', 'is', 'a', 'monster.']"
305,00:26:28.503,00:26:33.424,"['And', 'you', 'believe', 'you', 'know', 'what', 'it', 'is', 'to', 'be', 'a', 'monster?', 'Hmm?']"
308,00:27:01.161,00:27:03.371,"['You', 'have', 'no', 'idea.']"
309,00:27:06.374,00:27:08.376,"['But', 'I’m', 'going', 'to', 'show', 'you.']"
310,00:27:10.461,00:27:14.799,"['For', 'centuries,', 'these', 'moldering', 'walls', 'have', 'been', 'my', 'gallows.']"
311,00:27:14.883,00:27:18.469,"['For', 'I’m', 'bound', 'to', 'this', 'cave,', 'condemned', 'by', 'one', 'who', 'turned', 'me.']"
312,00:27:18.553,00:27:23.015,"['Oh,', 'and', 'I', 'have', 'waited', 'an', 'eternity', 'for', 'a', 'man', 'of', 'your', 'strength,']"
313,00:27:23.099,00:27:25.267,"['your', 'gifts,', 'your', 'will–']"
314,00:27:25.351,00:27:29.564,"['a', 'man', 'worthy', 'of', 'the', 'dark', 'and', 'all', 'its', 'powers.']"
315,00:27:31.441,00:27:35.486,"['For', 'if', 'I', 'am', 'your', 'salvation,', 'you', 'are', 'mine.']"
316,00:27:44.746,00:27:48.249,"['Drink.', 'You', 'will', 'have', 'a', 'taste', 'of', 'my', 'power.']"
317,00:27:48.333,00:27:51.002,"['The', 'strength', 'of', 'a', 'hundred', 'men.']"
318,00:27:51.086,00:27:52.879,"['The', 'speed', 'of', 'a', 'falling', 'star.']"
319,00:27:52.963,00:27:56.048,"['Dominion', 'over', 'the', 'night', 'and', 'all', 'its', 'creatures.']"
320,00:27:56.132,00:27:59.302,"['To', 'see', 'and', 'hear', 'through', 'their', 'senses.']"
321,00:28:02.931,00:28:05.057,"['Even', 'heal', 'grievous', 'wounds.']"
322,00:28:05.141,00:28:07.018,"['At', 'what', 'price?']"
323,00:28:07.102,00:28:11.773,"['Once', 'you', 'drink,', 'your', 'thirst', 'for', 'human', 'blood', 'will', 'be', 'insatiable.']"
324,00:28:13.775,00:28:17.153,"['But', 'if', 'you', 'can', 'resist', 'for', 'three', 'days,']"
325,00:28:17.237,00:28:19.446,"['you', 'will', 'return', 'to', 'your', 'mortal', 'state,']"
326,00:28:19.530,00:28:23.200,"['having', 'sampled', 'my', 'power', 'and', 'perhaps', 'saved', 'your', 'people.']"
327,00:28:23.284,00:28:25.161,"['And', 'if', 'I', 'feed?']"
328,00:28:25.245,00:28:28.498,"['The', 'price', 'would', 'be', 'worse', 'than', 'if', 'you’d', 'never', 'stepped', 'in', 'here.']"
329,00:28:29.875,00:28:31.542,"['For', 'I', 'will', 'be', 'set', 'free,']"
330,00:28:31.626,00:28:34.711,"['having', 'granted', 'the', 'darkness', 'a', 'worthy', 'offering.']"
331,00:28:34.796,00:28:37.924,"['You', 'will', 'become', 'its', 'vessel,', 'as', 'I', 'am,']"
332,00:28:38.008,00:28:43.095,"['a', 'scourge', 'on', 'this', 'earth', 'destined', 'to', 'destroy', 'everything', 'you', 'hold', 'dear–']"
333,00:28:43.179,00:28:47.349,"['your', 'land,', 'your', 'people,', 'even', 'your', 'precious', 'wife', 'and', 'son.']"
334,00:28:47.433,00:28:49.226,"['I', 'would', 'die', 'before', 'I’d', 'harm', 'them.']"
335,00:28:49.310,00:28:51.478,"['Indeed', 'you', 'will,', 'I’m', 'afraid.']"
336,00:28:51.562,00:28:55.066,"['I,', 'however,', 'will', 'at', 'last', 'be', 'free', 'to', 'unleash', 'my', 'wrath']"
337,00:28:55.150,00:28:57.318,"['against', 'the', 'one', 'who', 'betrayed', 'me.']"
338,00:28:57.402,00:29:01.280,"['And', 'one', 'day', 'I', 'will', 'call', 'on', 'you', 'to', 'serve', 'me,', 'my', 'pawn,']"
339,00:29:01.364,00:29:04.491,"['in', 'an', 'immortal', 'game', 'of', 'revenge.']"
340,00:29:04.575,00:29:08.955,"['-This', 'is', 'not', 'a', 'game!', '-Ah,', 'what', 'better', 'way', 'to', 'endure', 'eternity.']"
341,00:29:09.039,00:29:13.168,"['For', 'this,', 'little', 'prince,', 'is', 'the', 'ultimate', 'game.']"
342,00:29:14.544,00:29:16.420,"['Light', 'versus', 'dark.']"
343,00:29:16.504,00:29:18.755,"['Hope', 'versus', 'despair.']"
344,00:29:18.840,00:29:23.469,"['And', 'all', 'the', 'world’s', 'fate', 'hangs', 'in', 'the', 'balance.']"
345,00:29:24.763,00:29:27.515,"['Then', 'it', 'will', 'be', 'my', 'great', 'pleasure', 'to', 'disappoint', 'you.']"
346,00:29:28.516,00:29:29.517,['Drink.']
347,00:29:34.355,00:29:36.399,"['Let', 'the', 'games', 'begin.']"
351,00:30:01.507,00:30:03.675,"['What', 'now?']"
352,00:30:03.759,00:30:05.261,['Now...']
353,00:30:07.055,00:30:08.556,"['you', 'die.']"
356,00:31:11.619,00:31:13.163,"['That’s', 'useful.']"
363,00:32:58.184,00:32:59.976,"['Prepare', 'to', 'fire!']"
364,00:33:00.061,00:33:01.854,['Fire!']
365,00:33:02.730,00:33:03.856,['Light!']
367,00:33:28.881,00:33:31.551,"['You', 'came', 'back.']"
368,00:33:28.881,00:33:31.551,"['I', 'always', 'will.']"
369,00:33:32.927,00:33:34.595,"['Where', 'were', 'you?']"
370,00:33:34.679,00:33:36.930,"['Searching', 'for', 'the', 'strength', 'I', 'needed.']"
371,00:33:37.015,00:33:38.390,"['You’re', 'back.']"
374,00:33:55.200,00:33:57.577,"['A', 'good', 'prince', 'would', 'have', 'given', 'them', 'up.']"
375,00:33:58.828,00:34:01.705,"['A', 'good', 'prince', 'would', 'have', 'paid', 'that', 'price', 'for', 'peace.']"
377,00:34:05.668,00:34:08.295,"['We', 'will', 'not', 'be', 'defeated!']"
378,00:34:08.379,00:34:10.631,"['They’ve', 'brought', 'war', 'to', 'our', 'land!']"
379,00:34:12.217,00:34:14.885,"['And', 'they', 'will', 'pay', 'dearly', 'for', 'it.']"
380,00:34:14.969,00:34:16.804,['Fire!']
381,00:34:33.863,00:34:35.614,['Charge!']
386,00:37:34.001,00:37:36.170,"['What?', 'Wait.']"
387,00:37:43.469,00:37:45.471,"['Negotiations', 'failed.']"
388,00:37:48.516,00:37:51.643,"['Do', 'not', 'ask', 'me', 'what', 'happened', 'on', 'this', 'field', 'tonight.']"
389,00:37:51.727,00:37:55.731,"['Trust', 'only', 'that', 'I', 'will', 'use', 'all', 'I', 'have', 'to', 'keep', 'us', 'safe.']"
390,00:37:55.815,00:37:58.525,"['But', 'we', 'will', 'not', 'be', 'safe', 'if', 'we', 'stay', 'here.']"
391,00:37:58.609,00:38:01.903,"['We', 'must', 'leave', 'directly', 'for', 'Cozia', 'monastery.']"
392,00:38:01.987,00:38:05.699,"['It’s', 'high', 'in', 'the', 'mountains,', 'too', 'remote', 'for', 'cannon', 'fire.']"
393,00:38:05.783,00:38:08.118,"['It’s', 'our', 'best', 'chance', 'of', 'survival.']"
394,00:38:08.202,00:38:12.081,"['We’ll', 'take', 'enough', 'of', 'our', 'people', 'so', 'that', 'our', 'absence', 'is', 'noticed.']"
395,00:38:13.499,00:38:16.711,"['That', 'way,', 'when', 'Mehmed', 'learns', 'what', 'has', 'happened', 'here,']"
396,00:38:17.503,00:38:19.338,"['he’ll', 'come', 'hunting', 'for', 'us.']"
398,00:38:21.674,00:38:24.385,"['Vlad', 'has', 'defeated', 'a', 'thousand', 'of', 'our', 'men.']"
400,00:38:29.474,00:38:32.308,"['When', 'I', 'march', 'into', 'Europe,']"
401,00:38:32.393,00:38:38.023,"['I', 'will', 'have', 'his', 'head', 'upon', 'my', 'spear', 'and', 'his', 'child', 'at', 'my', 'side.']"
403,00:38:42.194,00:38:46.573,"['Use', 'the', 'forests,', 'the', 'mountains', 'around', 'the', 'Borgó', 'Pass.']"
404,00:38:46.657,00:38:49.201,"['Four', 'or', 'five', 'months', 'of', 'that.']"
405,00:38:46.657,00:38:49.201,"['Not', 'months.']"
406,00:38:50.285,00:38:52.830,"['I’m', 'going', 'to', 'win', 'this', 'war', 'in', 'three', 'days.']"
407,00:38:53.789,00:38:57.042,"['Why', 'not', 'two–', 'and', 'really', 'impress', 'us?']"
411,00:40:28.342,00:40:30.010,"['What', 'is', 'it?']"
412,00:40:32.513,00:40:34.014,"['I', 'need', 'some', 'air.']"
413,00:40:34.932,00:40:36.434,"['I’m', 'sorry.']"
414,00:40:55.369,00:40:58.789,"['Don’t', 'think', 'I', 'haven’t', 'noticed', 'you', 'following', 'me.']"
415,00:40:58.873,00:41:00.624,"['You’re', 'mistaken.']"
416,00:41:00.708,00:41:02.543,"['I', 'follow', 'them.']"
417,00:41:03.794,00:41:06.505,"['They', 'recognize', 'one', 'of', 'their', 'own.']"
418,00:41:06.589,00:41:10.091,"['The', 'night', 'is', 'their', 'kingdom,']"
419,00:41:10.175,00:41:13.219,"['blood', 'their', 'sustenance.']"
420,00:41:13.303,00:41:15.013,"['And', 'some,', 'they', 'say,']"
421,00:41:15.097,00:41:19.059,"['have', 'lived', 'for', 'as', 'long', 'as', 'there', 'have', 'been', 'prey', 'to', 'devour.']"
422,00:41:19.143,00:41:21.228,"['Spare', 'me', 'your', 'ravings.']"
423,00:41:23.063,00:41:26.274,"['They', 'say', 'the', 'one', 'who', 'escaped', 'the', 'mountain']"
424,00:41:26.358,00:41:29.986,"['hides', 'behind', 'the', 'face', 'of', 'a', 'man.']"
425,00:41:30.070,00:41:36.492,"['Well,', 'if', 'that', 'man', 'is', 'me,', 'you’ll', 'know', 'a', 'knife', 'will', 'not', 'do', 'you', 'any', 'good.']"
426,00:41:36.577,00:41:38.203,"['Of', 'course', 'not.']"
427,00:41:40.915,00:41:43.167,"['Why', 'do', 'you', 'think', 'I', 'stayed?']"
428,00:41:47.672,00:41:53.343,"['I', 'know', 'there', 'is', 'only', 'so', 'far', 'on', 'this', 'earth', 'we', 'can', 'run,']"
429,00:41:55.262,00:41:58.766,"['and', 'it', 'is', 'not', 'far', 'enough.']"
430,00:42:01.977,00:42:04.396,"['Let', 'me', 'serve', 'you.']"
434,00:42:17.326,00:42:19.286,"['Stay', 'away', 'from', 'me.']"
435,00:42:24.458,00:42:26.961,"['Yes,', 'master.']"
438,00:42:44.519,00:42:46.564,"['Set', 'me', 'free.']"
443,00:43:04.498,00:43:07.501,"['We', 'found', 'him', 'in', 'the', 'field.', 'He', 'asked', 'for', 'you.']"
445,00:43:15.050,00:43:19.013,"['He', 'hopes', 'you', 'enjoy', 'the', 'view.']"
447,00:44:08.312,00:44:10.898,['Mirena.']
448,00:44:08.312,00:44:10.898,"['Your', 'scars', 'are', 'gone.']"
449,00:44:14.234,00:44:16.028,"['What’s', 'happening', 'to', 'you?']"
450,00:44:23.911,00:44:26.830,"['I’m', 'the', 'thing', 'men', 'fear', 'on', 'Broken', 'Tooth.']"
451,00:44:26.914,00:44:29.041,"['Not', 'a', 'ghost.']"
452,00:44:30.417,00:44:32.544,"['Something', 'else.']"
455,00:44:42.847,00:44:44.848,"['No!', 'Stop', 'it!']"
456,00:44:44.932,00:44:47.683,"['May', 'God', 'strike', 'down', 'whoever', 'did', 'this', 'to', 'you.']"
457,00:44:47.768,00:44:49.269,"['I', 'chose', 'this.']"
458,00:44:50.896,00:44:53.733,"['This', 'is', 'the', 'strength', 'you', 'sought?']"
459,00:44:56.401,00:44:57.903,"['But', 'why?']"
460,00:45:00.322,00:45:04.200,"['Because', 'I', 'sent', 'corpses', 'back', 'to', 'Mehmed']"
461,00:45:04.284,00:45:05.953,"['instead', 'of', 'our', 'son.']"
462,00:45:07.579,00:45:09.205,"['You', 'did', 'this', 'for', 'us?']"
463,00:45:09.289,00:45:11.375,"['In', 'two', 'days,', 'I’ll', 'be', 'restored.']"
464,00:45:12.918,00:45:15.087,"['I', 'just', 'have', 'to', 'resist.']"
465,00:45:16.839,00:45:18.423,"['Resist', 'what?']"
466,00:45:21.802,00:45:24.471,"['Resist', 'what,', 'Vlad?', 'Tell', 'me.']"
467,00:45:25.973,00:45:27.641,"['A', 'thirst...']"
468,00:45:28.934,00:45:30.435,"['for', 'blood.']"
469,00:45:35.482,00:45:37.484,"['And', 'if', 'you', 'were', 'to', 'give', 'in?']"
470,00:45:39.069,00:45:41.488,"['Then', 'I', 'become', 'this', 'for', 'eternity.']"
471,00:45:46.660,00:45:49.120,"['You', 'will', 'undo', 'this,', 'won’t', 'you?']"
472,00:45:49.204,00:45:50.663,['Yes.']
473,00:45:50.747,00:45:54.418,"['I', 'swear', 'it.', 'I', 'will', 'not', 'give', 'in.']"
474,00:45:55.460,00:45:57.838,"['Then', 'God', 'will', 'forgive', 'you.']"
476,00:46:00.507,00:46:03.676,"['Mehmed', 'is', 'getting', 'closer.', 'We', 'might', 'want', 'to', 'move', 'out', 'soon.']"
477,00:46:03.760,00:46:07.305,"['I', 'need', 'you', 'to', 'get', 'to', 'the', 'monastery', 'as', 'quickly', 'as', 'you', 'can.']"
478,00:46:07.389,00:46:08.974,"['Mehmed’s', 'men', 'will', 'be', 'close', 'by.']"
479,00:46:07.389,00:46:08.974,['No.']
480,00:46:09.058,00:46:10.683,"['Listen', 'to', 'me.']"
481,00:46:10.767,00:46:13.019,"['I', 'will', 'reach', 'you', 'after', 'sundown.']"
482,00:46:13.103,00:46:14.646,"['I', 'promise', 'you.']"
486,00:46:38.378,00:46:40.630,"['My', 'husband', 'agrees', 'with', 'your', 'counsel.']"
487,00:46:40.714,00:46:44.134,"['We', 'will', 'depart', 'now', 'under', 'your', 'temporary', 'command.']"
488,00:46:44.218,00:46:46.511,"['What?', 'And', 'where’s', 'Vlad', 'going', 'to', 'be?']"
489,00:46:46.595,00:46:51.016,"['Spying', 'on', 'the', 'Turks.', 'He', 'insists', 'on', 'doing', 'his', 'own', 'reconnaissance.']"
490,00:46:51.100,00:46:52.976,"['No.', 'I', 'won’t', 'have', 'it.']"
491,00:46:53.060,00:46:54.769,"['It’s', 'too', 'late.']"
492,00:46:54.854,00:46:56.563,"['He’s', 'already', 'gone.']"
493,00:46:59.399,00:47:01.359,"['All', 'right,', 'everyone.']"
494,00:47:01.443,00:47:03.737,"['Prepare', 'to', 'move', 'out.']"
496,00:47:21.171,00:47:23.589,"['Tell', 'the', 'sultan', 'where', 'his', 'enemies', 'will', 'be', 'buried.']"
499,00:47:52.452,00:47:54.288,['Listen.']
500,00:47:55.205,00:47:56.415,"['We’re', 'nearly', 'there.']"
504,00:48:14.975,00:48:16.351,"['Cover', 'the', 'rear!']"
505,00:48:27.237,00:48:29.239,"['Mirena!', 'Ingeras!']"
507,00:48:50.760,00:48:54.014,"['Couldn’t', 'these', 'monks', 'build', 'their', 'gates', 'a', 'little', 'bit', 'closer?']"
509,00:49:04.608,00:49:06.276,"['Stay', 'behind', 'me.']"
511,00:49:24.878,00:49:27.297,"['Don’t', 'the', 'Turks', 'teach', 'you', 'anything', 'new?']"
512,00:49:27.381,00:49:29.299,"['I', 'saw', 'your', 'blade', 'coming', 'from–']"
514,00:49:32.386,00:49:35.263,"['Ingeras,', 'run.']"
515,00:49:35.347,00:49:37.016,"['Where', 'is', 'your', 'prince', 'now,']"
521,00:50:13.593,00:50:15.178,['Dumitru.']
522,00:50:15.262,00:50:17.056,"['It’s', 'okay.']"
523,00:50:18.765,00:50:20.434,"['It’s', 'okay.']"
524,00:50:21.143,00:50:22.477,['Vlad.']
525,00:50:24.604,00:50:26.606,"['Dumitru,', 'listen.', 'Listen.']"
526,00:50:34.781,00:50:35.782,['No.']
528,00:50:52.799,00:50:55.385,"['Come', 'here.', 'Come', 'here.']"
529,00:50:56.803,00:50:59.013,"['Never', 'leave', 'us', 'again,', 'Papa.']"
530,00:51:00.849,00:51:03.017,['Never.']
531,00:51:03.102,00:51:05.479,"['I', 'will', 'always', 'watch', 'over', 'you.']"
534,00:51:15.614,00:51:18.617,"['Keep', 'moving', 'along.', 'This', 'way.']"
536,00:51:32.714,00:51:35.007,"['You', 'should', 'never', 'have', 'strayed', 'from', 'us.']"
537,00:51:35.091,00:51:37.135,"['-Whatever', 'your', 'reasons', 'for', 'leaving', 'were–', '-Quiet.']"
539,00:51:40.013,00:51:41.972,"['Get', 'these', 'men', 'off', 'their', 'knees.']"
540,00:51:42.056,00:51:44.768,"['Stand', 'up,', 'do', 'you', 'hear', 'me?', 'Stand', 'up!']"
541,00:51:45.685,00:51:47.437,"['The', 'Turks', 'are', 'coming.']"
542,00:51:47.521,00:51:50.607,"['Prayers', 'will', 'not', 'defend', 'these', 'walls.']"
545,00:52:02.702,00:52:05.288,"['Double', 'our', 'sentries', 'on', 'the', 'perimeter', 'walls.']"
546,00:52:05.372,00:52:07.873,"['Go.', 'Do', 'it', 'now.']"
547,00:52:07.957,00:52:09.501,"['What’s', 'in', 'there?']"
548,00:52:12.086,00:52:14.631,"['Something', 'I', 'hope', 'to', 'never', 'use', 'again.']"
549,00:52:17.176,00:52:18.677,"['Come', 'now.']"
552,00:52:30.564,00:52:35.150,"['I', 'fear', 'this', 'will', 'only', 'inflame', 'the', 'rumors', 'of', 'the', 'prince’s', 'dark', 'magic.']"
553,00:52:35.235,00:52:37.070,"['Only', 'if', 'we', 'allow', 'it.']"
554,00:52:38.238,00:52:41.157,"['Men', 'cannot', 'fear', 'what', 'they', 'cannot', 'see.']"
556,00:52:51.293,00:52:54.045,"['You', 'wanted', 'to', 'pick', 'up', 'your', 'sword', 'and', 'fight.']"
557,00:52:55.880,00:52:59.550,"['When', 'my', 'generals', 'blindfolded', 'you,']"
558,00:52:59.634,00:53:04.013,"['you', 'did', 'not', 'believe', 'that', 'you', 'could', 'march', 'without', 'seeing,']"
559,00:53:05.765,00:53:07.434,"['but', 'you', 'could.']"
560,00:53:08.935,00:53:11.396,"['Now', 'march', 'with', 'me.']"
561,00:53:11.480,00:53:14.691,"['Your', 'sultan', 'will', 'guide', 'you.']"
564,00:54:13.667,00:54:15.668,"['Prince', 'Vlad.']"
566,00:54:15.752,00:54:18.755,"['The', 'vampire', 'is', 'vulnerable', 'to', 'daylight']"
567,00:54:22.008,00:54:24.469,"['and', 'to', 'pure', 'silver.']"
568,00:54:30.684,00:54:33.811,"['Yet', 'the', 'holy', 'cross', 'exerts', 'no', 'power', 'over', 'you.']"
569,00:54:33.895,00:54:37.857,"['That', 'can', 'only', 'mean', 'you', 'have', 'yet', 'to', 'seal', 'your', 'fate', 'with', 'human', 'blood.']"
570,00:54:39.025,00:54:42.069,"['Let', 'me', 'kill', 'you', 'now,', 'my', 'prince–']"
571,00:54:42.153,00:54:43.446,['please–']
572,00:54:43.530,00:54:45.906,"['before', 'your', 'people', 'do.']"
573,00:54:45.990,00:54:48.326,"['Rumor', 'has', 'spread', 'of', 'what', 'you', 'have', 'become.']"
574,00:54:48.410,00:54:50.244,"['You', 'can', 'still', 'repent.']"
575,00:54:51.871,00:54:54.541,"['You’d', 'do', 'well', 'to', 'run,', 'Lucian.']"
580,00:55:13.309,00:55:14.978,['No.']
581,00:55:16.396,00:55:18.147,"['Please.', 'Listen!']"
582,00:55:18.231,00:55:21.234,"['He', 'is', 'your', 'prince.', 'He', 'has', 'earned', 'the', 'chance', 'to', 'explain.']"
584,00:55:23.903,00:55:25.905,"['He–He’s', 'your', 'prince!']"
586,00:55:27.323,00:55:29.033,"['Satan', 'lives', 'in', 'his', 'heart.']"
587,00:55:32.829,00:55:34.539,['Vlad!']
591,00:55:50.847,00:55:53.766,['Mirena!']
592,00:55:53.850,00:55:56.268,"['He', 'was', 'trying', 'to', 'save', 'us', 'all.']"
595,00:56:08.364,00:56:12.201,"['Take', 'him', 'to', 'my', 'room', 'and', 'shut', 'the', 'door.', 'Do', 'not', 'let', 'him', 'look', 'outside.']"
596,00:56:12.285,00:56:13.787,['Okay.']
597,00:56:12.285,00:56:13.787,['Mama.']
600,00:56:42.649,00:56:44.734,"['This', 'is', 'your', 'loyalty?']"
601,00:56:44.818,00:56:46.820,"['Your', 'gratitude?']"
602,00:56:47.862,00:56:49.781,['Fools.']
603,00:56:50.990,00:56:53.826,"['Do', 'you', 'think', 'you', 'are', 'alive', 'because', 'you', 'can', 'fight?']"
604,00:56:53.910,00:56:55.954,"['Come', 'on.']"
606,00:56:57.330,00:57:00.166,"['You', 'are', 'alive', 'because', 'of', 'me!']"
607,00:57:03.878,00:57:06.965,"['Because', 'of', 'what', 'I', 'did', 'to', 'save', 'you!']"
608,00:57:14.263,00:57:16.766,"['This', 'is', 'not', 'who', 'you', 'are.']"
609,00:57:32.866,00:57:34.659,"['Return', 'to', 'your', 'stations.']"
610,00:57:35.952,00:57:39.873,"['Believe', 'me,', 'there', 'is', 'still', 'more', 'to', 'fear.']"
611,00:57:44.461,00:57:48.964,"['Lord,', 'if', 'you’ve', 'not', 'yet', 'forsaken', 'me,']"
612,00:57:49.048,00:57:52.218,"['grant', 'me', 'your', 'strength', 'that', 'I', 'may', 'resist', 'the', 'darkness.']"
613,00:57:53.720,00:57:57.056,"['Allow', 'me', 'to', 'endure', 'this', 'test', 'one', 'more', 'day.']"
614,00:58:00.226,00:58:01.728,"['I', 'beg', 'you.']"
616,00:58:03.146,00:58:05.565,['Please.']
617,00:58:22.582,00:58:23.917,"['Are', 'you', 'sick?']"
618,00:58:28.421,00:58:32.592,"['If', 'you’re', 'sick,', 'I', 'thought', 'it', 'might', 'make', 'you', 'feel', 'better.']"
619,00:58:37.556,00:58:39.014,"['Thank', 'you.']"
620,00:58:39.098,00:58:40.934,['Come.']
622,00:58:49.609,00:58:51.611,"['You’ll', 'make', 'a', 'great', 'leader', 'someday.']"
623,00:58:53.487,00:58:55.448,"['You', 'think', 'of', 'others', 'before', 'yourself.']"
624,00:58:57.116,00:59:01.454,"['When', 'the', 'Turks', 'came', 'to', 'take', 'me,', 'you', 'stopped', 'them.']"
626,00:59:06.751,00:59:08.252,"['To', 'save', 'me?']"
627,00:59:09.546,00:59:11.047,['Yes.']
628,00:59:12.966,00:59:14.968,"['And', 'I', 'would', 'do', 'it', 'all', 'again.']"
630,00:59:54.090,00:59:55.800,"['Dawn', 'will', 'be', 'breaking', 'soon,']"
631,00:59:55.884,00:59:58.177,"['and', 'with', 'it,', 'the', 'loss', 'of', 'my', 'powers.']"
632,00:59:59.553,01:00:01.180,"['If', 'we’ve', 'not', 'won', 'this', 'war', 'by', 'then–']"
633,01:00:01.264,01:00:03.641,"['I', 'will', 'fight', 'beside', 'you', 'until', 'death.']"
634,01:00:03.725,01:00:06.143,"['Your', 'death', 'would', 'end', 'my', 'fight.']"
635,01:00:06.227,01:00:10.105,"['We', 'have', 'done', 'the', 'duty', 'of', 'any', 'good', 'parent–']"
636,01:00:10.189,01:00:11.649,"['protected', 'our', 'child,']"
637,01:00:11.733,01:00:13.902,"['protected', 'all', 'the', 'children', 'in', 'the', 'kingdom.']"
638,01:00:15.194,01:00:17.989,"['Perhaps', 'our', 'destiny', 'was', 'not', 'to', 'rule', 'in', 'this', 'life.']"
640,01:00:23.912,01:00:27.790,"['""Why', 'think', 'separately', 'of', 'this', 'life', 'and', 'the', 'next""–']"
641,01:00:27.874,01:00:29.792,"['""When', 'one', 'is', 'born', 'from', 'the', 'last?""']"
642,01:00:29.876,01:00:34.839,"['Time', 'is', 'always', 'too', 'short', 'for', 'those', 'who', 'need', 'it,']"
643,01:00:34.923,01:00:39.468,"['but', 'for', 'those', 'who', 'love,', 'it', 'lasts', 'forever.']"
653,01:03:38.106,01:03:39.564,"['Stand', 'your', 'ground!']"
654,01:03:39.648,01:03:43.361,"['Hold', 'fast!', 'Hold', 'your', 'ground!']"
655,01:03:49.367,01:03:50.576,['Fire!']
658,01:04:20.564,01:04:22.525,['Mehmed!']
660,01:04:26.695,01:04:28.072,"['Where', 'is', 'he?']"
662,01:04:30.116,01:04:31.284,['Fire!']
663,01:04:31.910,01:04:33.286,['Draw!']
664,01:04:35.955,01:04:37.415,['Fire!']
667,01:04:42.545,01:04:44.422,"['Find', 'your', 'father!', 'Go!']"
668,01:04:57.977,01:04:59.603,"['Where', 'is', 'he?']"
669,01:05:08.154,01:05:10.614,"['You', 'can', 'keep', 'running', 'if', 'you', 'like.']"
672,01:05:20.041,01:05:22.417,"['Oh,', 'no!']"
674,01:05:22.501,01:05:23.920,['No!']
675,01:05:25.838,01:05:27.173,['Mirena.']
676,01:05:32.011,01:05:33.595,"['No!', 'Please!']"
677,01:05:33.679,01:05:35.014,['Ingeras!']
681,01:06:03.042,01:06:04.835,['Vlad!']
686,01:06:51.882,01:06:54.801,"['No,', 'Mirena.']"
687,01:06:54.885,01:06:57.846,"['Please,', 'stay', 'with', 'me.']"
688,01:06:57.930,01:07:00.016,"['I', 'cannot', 'do', 'this', 'without', 'you.']"
690,01:07:23.997,01:07:26.375,"['There’s', 'still', 'time', 'for', 'you', 'to', 'stop', 'them.']"
691,01:07:29.295,01:07:31.255,"['Drink', 'my', 'blood.']"
692,01:07:31.339,01:07:35.218,"['No.', 'I', 'cannot', 'take', 'your', 'life.']"
693,01:07:37.136,01:07:39.430,"['My', 'life', 'is', 'lost', 'already.']"
694,01:07:41.474,01:07:43.057,"['But', 'our', 'son’s', 'is', 'not.']"
695,01:07:43.142,01:07:44.727,['No.']
696,01:07:47.813,01:07:49.732,"['I', 'love', 'you.']"
697,01:07:53.736,01:07:55.238,"['Do', 'it', 'now.']"
698,01:08:00.701,01:08:02.453,['Please.']
700,01:08:08.667,01:08:10.503,"['Do', 'it', 'now.']"
703,01:08:24.016,01:08:25.726,['Vlad!']
709,01:09:29.873,01:09:31.584,"['Do', 'you', 'want', 'vengeance?']"
710,01:09:41.760,01:09:43.262,['Drink.']
715,01:10:30.183,01:10:33.479,"['Neither', 'this', 'world', 'or', 'the', 'next', 'shall', 'keep', 'us', 'apart.']"
716,01:10:35.689,01:10:39.902,"['I', 'will', 'honor', 'your', 'sacrifice,', 'and', 'I', 'vow', 'that', 'our', 'son', 'shall', 'be', 'safe.']"
717,01:10:47.159,01:10:51.580,"['Of', 'all', 'of', 'my', 'lands,', 'this', 'is', 'the', 'one', 'I', 'love', 'the', 'least.']"
718,01:10:55.334,01:10:57.002,"['Look', 'to', 'the', 'east.']"
719,01:10:58.128,01:11:01.006,"['The', 'sun', 'should', 'be', 'risen', 'by', 'now,', 'should', 'it', 'not?']"
721,01:11:10.766,01:11:12.268,"['What', 'is', 'that?']"
722,01:11:17.731,01:11:20.859,"['It', 'is', 'the', 'prince.', 'He', 'is', 'coming.']"
727,01:12:09.032,01:12:11.993,"['I', 'used', 'to', 'think', 'there', 'were', 'too', 'many', 'of', 'you.']"
735,01:13:11.970,01:13:14.264,"['I', 'understand', 'you', 'have', 'a', 'weakness']"
736,01:13:15.015,01:13:16.516,"['for', 'silver.']"
741,01:13:30.656,01:13:32.324,"['He', 'is', 'waiting', 'for', 'you.']"
745,01:14:21.206,01:14:22.374,['Oh.']
746,01:14:23.709,01:14:25.961,"['Go', 'on.', 'Take', 'it.']"
747,01:14:27.505,01:14:31.465,"['Is', 'this', 'the', 'monster', 'that', 'terrified', 'my', 'men?', 'Hmm?']"
749,01:14:34.136,01:14:35.971,"['You', 'grow', 'more', 'weary', 'by', 'the', 'moment.']"
750,01:14:38.474,01:14:42.978,"['Tell', 'me–', 'how', 'long', 'can', 'you', 'bear', 'it', 'in', 'here,', 'huh?']"
751,01:14:45.438,01:14:48.233,"['Long', 'enough', 'to', 'strike', 'your', 'name', 'from', 'the', 'history', 'books.']"
759,01:15:32.110,01:15:34.028,"['-No!', '-Look', 'how', 'pathetic', 'he', 'is.']"
760,01:15:34.112,01:15:36.740,"['No,', 'stop!', 'Please!']"
764,01:15:44.707,01:15:47.792,"['If', 'I', 'put', 'a', 'stake', 'through', 'your', 'heart–']"
766,01:15:50.212,01:15:52.631,"['it', 'will', 'kill', 'you–']"
767,01:15:52.715,01:15:54.216,"['like', 'any', 'other', 'man.']"
768,01:15:56.802,01:15:59.220,"['A', 'fitting', 'death']"
769,01:15:59.304,01:16:00.764,"['for', 'Lord–']"
771,01:16:00.848,01:16:02.390,['Impaler.']
772,01:16:00.848,01:16:02.390,['No!']
774,01:16:16.529,01:16:17.615,['Papa!']
775,01:16:26.373,01:16:29.083,"['That', 'is', 'no', 'longer', 'my', 'name.']"
776,01:16:29.167,01:16:30.836,"['My', 'name', 'is', 'Dracula–']"
777,01:16:32.838,01:16:34.923,"['son', 'of', 'the', 'devil.']"
784,01:17:16.214,01:17:17.716,"['I’m', 'here.']"
787,01:17:46.619,01:17:48.830,"['You', 'old', 'goat.']"
788,01:17:48.914,01:17:50.874,"['I', 'don’t', 'feel', 'old.']"
789,01:17:52.960,01:17:54.502,"['How', 'many', 'are', 'left?']"
790,01:17:54.586,01:17:58.339,"['None.', 'Except', 'for', 'your', 'son,', 'of', 'course.']"
791,01:17:58.423,01:18:02.761,"['A', 'distraction', 'we', 'can', 'now', 'dispense', 'with.']"
793,01:18:07.850,01:18:10.769,"['What', 'have', 'I', 'taught', 'you?']"
794,01:18:10.853,01:18:15.023,"['Repeated', 'over', 'and', 'over', 'since', 'you', 'were', 'a', 'boy?']"
795,01:18:16.608,01:18:19.945,"['All', 'that', 'matters', 'is', 'a', 'prince’s', 'duty', 'to', 'his', 'people.']"
796,01:18:21.279,01:18:22.781,"['Don’t', 'you', 'realize?']"
797,01:18:23.656,01:18:26.200,"['They’re', 'all', 'our', 'enemies', 'now.']"
798,01:18:26.284,01:18:30.079,"['When', 'he’s', 'gone,', 'you’ll', 'be', 'free.']"
802,01:18:37.796,01:18:41.759,"['You', 'forget', 'who', 'I', 'am.']"
807,01:19:19.504,01:19:20.964,"['Leave', 'him.']"
809,01:19:27.054,01:19:28.930,"['Come', 'with', 'me,', 'child.']"
811,01:19:29.014,01:19:30.515,['Come.']
812,01:19:32.935,01:19:34.811,['Please.']
813,01:19:34.895,01:19:36.814,"['Be', 'gone!']"
814,01:19:38.023,01:19:39.773,"['The', 'time', 'has', 'come.']"
815,01:19:39.858,01:19:42.861,"['Please.', 'Please,', 'you', 'must', 'come.']"
816,01:19:45.280,01:19:47.615,"['I', 'don’t', 'want', 'to', 'leave', 'you.']"
817,01:19:47.699,01:19:50.784,"['You', 'have', 'to', 'go', 'with', 'him.']"
819,01:19:50.869,01:19:54.122,"['Do', 'not', 'leave', 'his', 'side.']"
820,01:19:54.206,01:19:56.124,"['Please.', 'Please.']"
821,01:19:56.208,01:19:58.709,"['Know', 'I', 'will', 'always', 'love', 'you.']"
822,01:19:58.794,01:20:00.337,['Always.']
823,01:20:03.381,01:20:04.465,['Please!']
824,01:20:04.549,01:20:06.051,['Go!']
825,01:20:04.549,01:20:06.051,['No!']
826,01:20:07.760,01:20:09.137,['Go!']
827,01:20:09.221,01:20:10.679,['No!']
828,01:20:10.763,01:20:12.474,"['You', 'take', 'care', 'of', 'him.']"
829,01:20:14.142,01:20:15.894,['No!']
830,01:20:16.519,01:20:18.646,['Papa!']
831,01:20:18.730,01:20:22.484,['No!']
833,01:20:32.077,01:20:34.162,"['He’s', 'safe', 'now,', 'Mirena.']"
839,01:22:07.047,01:22:10.467,"['Prince', 'Vlad', 'Dracula', 'was', 'a', 'hero,']"
840,01:22:13.011,01:22:17.807,"['but', 'there', 'are', 'no', 'pictures', 'or', 'statues', 'of', 'him.']"
841,01:22:23.396,01:22:25.190,"['I', 'am', 'his', 'legacy.']"
842,01:22:27.025,01:22:30.862,"['His', 'sacrifice', 'taught', 'me', 'that', 'even', 'after', 'the', 'darkest', 'night']"
843,01:22:31.904,01:22:33.865,"['the', 'sun', 'will', 'rise', 'again.']"
844,01:22:34.699,01:22:37.035,"['Drink,', 'master.']"
845,01:22:38.536,01:22:41.789,"['For', 'if', 'the', 'heart', 'is', 'strong', 'enough,']"
846,01:22:41.873,01:22:44.458,"['the', 'soul', 'is', 'reborn–']"
848,01:22:46.128,01:22:48.338,"['with', 'each', 'new', 'day,']"
849,01:22:50.923,01:22:53.260,"['in', 'life', 'after', 'life,']"
850,01:22:56.054,01:22:57.889,"['age', 'after', 'age,']"
851,01:23:02.227,01:23:03.728,['forever.']
852,01:23:29.212,01:23:30.380,['Beautiful.']
853,01:23:34.342,01:23:36.053,"['The', 'flowers,', 'my', 'lady.']"
854,01:23:36.969,01:23:38.513,"['""My', 'lady""?']"
855,01:23:39.931,01:23:41.266,"['Where', 'are', 'you', 'from?']"
856,01:23:42.100,01:23:43.851,"['A', 'long', 'way', 'from', 'here.']"
857,01:23:49.649,01:23:51.109,"['Well,', 'good', 'night.']"
858,01:23:52.860,01:23:55.904,"['""Why', 'think', 'separately', 'of', 'this', 'life', 'and', 'the', 'next']"
859,01:23:55.988,01:23:58.616,"['when', 'one', 'is', 'born', 'from', 'the', 'last?""']"
860,01:24:04.622,01:24:06.291,"['That’s', 'my', 'favorite', 'poem.']"
861,01:24:07.125,01:24:09.543,"['It', 'speaks', 'to', 'you', 'of', 'yearning,']"
862,01:24:09.627,01:24:11.963,"['of', 'one', 'soul', 'pleading', 'for', 'another.']"
863,01:24:16.801,01:24:18.303,"['I’m', 'Mina.']"
864,01:24:20.305,01:24:21.806,['Vlad.']
867,01:24:56.674,01:24:58.801,"['Let', 'the', 'games', 'begin.']"
