words,counts
know,161
one,128
oh,116
got,104
sherlock,103
well,95
think,94
get,94
right,89
yes,87
like,78
going,71
look,67
need,65
could,64
sorry,62
phone,62
yeah,61
holmes,60
good,59
see,58
would,58
go,57
people,56
man,54
john,54
time,54
case,54
left,51
want,47
two,47
take,44
come,42
back,41
course,40
bit,37
never,36
said,35
watson,34
say,33
london,33
make,32
anything,32
tell,32
thank,32
something,31
night,31
work,30
last,29
way,29
maybe,29
er,29
still,29
always,28
please,28
really,28
us,27
door,27
name,27
god,27
day,26
took,26
home,26
ok,26
mrs,26
street,26
killer,26
looking,25
fine,25
three,25
says,25
keep,24
help,24
hudson,24
police,24
find,24
lestrade,23
nice,23
must,22
old,22
suitcase,22
found,22
mean,21
mr,21
told,21
five,21
minutes,20
pink,20
china,20
away,20
brother,20
wrong,20
car,20
van,20
flat,19
years,19
much,19
shot,19
friend,19
even,19
every,19
taxi,19
coon,19
enough,19
dr,19
um,18
obviously,18
bad,18
kill,18
long,18
let,18
everything,18
dead,18
pill,18
chinese,18
ago,17
clever,17
stay,17
afghanistan,17
exactly,17
hello,17
happened,17
better,17
round,17
use,17
little,17
nothing,17
though,17
knew,16
someone,16
life,16
else,16
text,16
wait,16
met,16
gone,16
mine,16
cab,15
murder,15
saying,15
thing,15
done,15
four,15
chance,15
thought,15
million,15
number,15
doctor,14
murderer,14
days,14
love,14
message,14
inspector,14
book,14
next,14
obvious,14
might,14
came,14
date,14
serial,14
first,14
anderson,14
hand,14
put,13
okay,13
around,13
friends,13
together,13
thanks,13
ever,13
word,13
harry,13
without,13
bored,13
somewhere,13
men,13
woman,12
ah,12
end,12
point,12
another,12
mind,12
detective,12
killed,12
tea,12
saw,12
used,12
suppose,12
head,12
made,12
walk,12
risk,12
bank,12
lot,12
mobile,12
cipher,12
sergeant,12
lukis,12
donovan,12
trying,12
kind,11
inside,11
leg,11
quite,11
call,11
e,11
game,11
mistake,11
already,11
gun,11
morning,11
new,11
try,11
seen,11
far,11
strong,11
either,11
clearly,11
whatever,11
things,11
rachel,11
stupid,11
suicides,11
getting,11
brilliant,11
job,11
body,10
choose,10
rings,10
dear,10
soo,10
gave,10
wife,10
place,10
turn,10
die,10
live,10
coat,10
sure,10
code,10
late,10
black,10
working,10
hours,10
give,10
everyone,10
poison,10
lin,10
numbers,10
gets,9
money,9
baker,9
gardens,9
coming,9
clear,9
lost,9
sent,9
marks,9
married,9
actually,9
means,9
stop,9
proper,9
shut,9
supposed,9
worry,9
probably,9
leave,9
least,9
lauriston,9
military,9
real,9
anyone,9
play,9
bottle,9
outside,9
eat,9
talk,9
army,9
somebody,9
hands,9
interesting,9
ignore,9
different,9
nobody,9
eddie,9
hour,9
sally,9
ask,9
mike,8
cabbie,8
string,8
read,8
news,8
side,8
impossible,8
shock,8
fun,8
drugs,8
limp,8
address,8
open,8
evening,8
wanted,8
upstairs,8
cardiff,8
possibly,8
best,8
house,8
northumberland,8
nine,8
moment,8
problem,8
suicide,8
taken,8
understand,8
move,8
angelo,8
behind,8
since,8
website,8
murdered,8
sitting,8
wind,8
genius,8
hey,8
listen,8
given,8
family,8
town,8
crime,8
lipstick,8
ring,8
send,7
making,7
cause,7
gunshot,7
therapist,7
trouble,7
young,7
ones,7
wearing,7
guy,7
locked,7
bet,7
trust,7
shall,7
coffee,7
psychopath,7
colleague,7
eyes,7
psychosomatic,7
drinking,7
may,7
office,7
person,7
questions,7
iraq,7
watch,7
sort,7
bullet,7
girlfriend,7
brought,7
daughter,7
world,7
doorbell,7
sometimes,7
sarah,7
start,7
jennifer,7
worth,7
tonight,7
circus,7
sit,7
table,7
today,7
dull,7
months,7
recently,7
death,7
hotel,7
middle,7
happy,7
writing,7
housekeeper,7
husband,7
idea,7
minute,7
talking,7
important,7
went,7
wall,7
bloody,7
wilson,7
close,6
hard,6
hmm,6
hell,6
looked,6
dying,6
service,6
consult,6
six,6
tomorrow,6
single,6
soon,6
size,6
damn,6
enemies,6
system,6
court,6
state,6
clothes,6
everybody,6
times,6
groans,6
less,6
stopped,6
hair,6
handle,6
hang,6
died,6
thinking,6
stuff,6
lovers,6
playing,6
remember,6
attention,6
b,6
whole,6
bag,6
rid,6
beat,6
beeps,6
believe,6
card,6
big,6
notice,6
note,6
none,6
blanket,6
wants,6
blog,6
bluff,6
waiting,6
museum,6
victims,6
month,6
scene,6
building,6
victim,6
breathing,6
moved,6
pin,6
part,6
advice,6
ancient,6
abroad,6
mail,6
many,6
lucky,6
present,6
feel,6
pocket,6
yet,6
rain,6
imagine,5
walls,5
decent,5
plan,5
eye,5
floors,5
yesterday,5
afraid,5
problems,5
desk,5
small,5
interested,5
boring,5
room,5
skull,5
sake,5
voice,5
across,5
tiny,5
brain,5
sister,5
face,5
putting,5
jade,5
sir,5
fan,5
quickly,5
thinks,5
soldier,5
written,5
within,5
drunk,5
rent,5
splash,5
asking,5
asked,5
graffiti,5
goes,5
pattern,5
area,5
arch,5
enemy,5
worked,5
applause,5
apparently,5
guys,5
window,5
alive,5
ringing,5
anywhere,5
freak,5
difficult,5
opens,5
west,5
order,5
others,5
pass,5
write,5
heavy,5
reason,5
funny,5
rest,5
sighs,5
journalist,5
quiet,5
landlady,5
letting,5
likely,5
usually,5
later,5
security,5
called,5
matter,5
charge,5
business,5
sebastian,5
travelled,5
cleared,5
umbrella,5
travel,5
clara,5
lotus,5
second,5
mark,5
keys,5
couple,5
german,4
seem,4
spot,4
arrived,4
wondering,4
easy,4
apartment,4
words,4
marriage,4
mate,4
anyway,4
pips,4
massive,4
duty,4
girl,4
stamford,4
pills,4
pay,4
great,4
secret,4
heard,4
telly,4
cat,4
paint,4
avoid,4
particularly,4
memory,4
audience,4
happen,4
dreadful,4
guess,4
patch,4
handed,4
brixton,4
habits,4
assume,4
gunshots,4
wounded,4
perfectly,4
perhaps,4
assistant,4
pots,4
recognised,4
cleaned,4
stole,4
follow,4
prove,4
ran,4
type,4
action,4
flattered,4
flatmates,4
flatmate,4
extraordinary,4
seriously,4
yao,4
clay,4
fact,4
straight,4
zhi,4
fire,4
according,4
question,4
finally,4
zhu,4
able,4
expect,4
stick,4
triple,4
children,4
terrace,4
power,4
gang,4
amateurs,4
checked,4
sustain,4
prefer,4
starving,4
chess,4
station,4
pretend,4
excuse,4
surprised,4
free,4
almost,4
ready,4
choice,4
prison,4
private,4
afford,4
fourth,4
staying,4
balcony,4
hold,4
cars,4
boyfriend,4
intended,4
till,4
busy,4
murders,4
desperate,4
cup,4
bust,4
science,4
romantic,4
shop,4
violin,4
lead,4
oi,4
cabs,4
connection,4
cut,4
bottom,4
war,4
boss,4
shuts,4
hope,4
danger,4
skip,4
hurry,4
row,4
mm,4
depends,4
deodorant,4
warning,4
mmm,4
damp,4
violence,4
deduction,4
city,4
hi,4
crack,4
books,4
riding,4
nerves,4
smugglers,4
barts,4
information,4
upset,4
needing,4
missing,4
breath,4
ladies,4
breaking,4
lady,4
siren,4
welcome,4
week,4
item,4
crop,4
break,4
borrow,4
ooh,4
tramway,4
decipher,4
kids,4
main,3
near,3
sleep,3
longer,3
fresh,3
makes,3
intending,3
price,3
previous,3
realise,3
footsteps,3
looks,3
lunch,3
feet,3
mother,3
loud,3
streets,3
mouth,3
moriarty,3
quick,3
finding,3
radius,3
kidding,3
finished,3
fired,3
mummy,3
mundane,3
professional,3
lying,3
killers,3
floor,3
machine,3
mycroft,3
known,3
invisible,3
forgot,3
forgotten,3
steel,3
forward,3
rather,3
mad,3
show,3
miss,3
smell,3
special,3
hm,3
road,3
shoot,3
secretary,3
hairpin,3
report,3
speaking,3
pen,3
safe,3
holiday,3
laughs,3
spider,3
observed,3
lifetime,3
light,3
grunts,3
share,3
hip,3
passed,3
happens,3
overnight,3
pa,3
helping,3
package,3
helps,3
page,3
menu,3
operatives,3
painted,3
sorted,3
seconds,3
returning,3
leaves,3
metallic,3
shoes,3
meeting,3
meet,3
split,3
soap,3
gift,3
stand,3
idiot,3
places,3
market,3
lives,3
mess,3
map,3
general,3
label,3
recognise,3
gas,3
kong,3
started,3
running,3
pizzicato,3
shoulder,3
route,3
regularly,3
likes,3
mill,3
hong,3
sponsor,3
phoned,3
photograph,3
seems,3
picture,3
line,3
rubbish,3
linked,3
matters,3
notes,3
glass,3
run,3
signal,3
frankly,3
study,3
drug,3
em,3
electronic,3
taking,3
turned,3
thud,3
throat,3
bart,3
based,3
basically,3
tan,3
childish,3
definitely,3
bedroom,3
wedding,3
weapon,3
buy,3
enabled,3
auction,3
tried,3
appointment,3
tie,3
cold,3
erm,3
wired,3
entry,3
assuming,3
clicks,3
trips,3
enjoy,3
true,3
clock,3
climbed,3
climb,3
dry,3
chances,3
evidence,3
drove,3
vicious,3
brian,3
tells,3
bright,3
career,3
bring,3
bringing,3
british,3
broke,3
camera,3
distance,3
texted,3
value,3
buzzes,3
dinner,3
diary,3
brand,3
bought,3
blares,3
wasting,3
dropped,3
thousands,3
blacked,3
warned,3
team,3
bodies,3
dragon,3
wails,3
unlikely,3
dried,3
central,3
bother,3
caught,3
works,3
tuesday,3
concerned,3
alibi,3
aneurysm,3
tong,3
computer,3
criminal,3
expensive,3
expert,3
worried,3
transport,3
explanation,3
explosion,3
consider,3
facts,3
alone,3
consulting,3
cuppa,3
air,3
ahead,3
ages,3
afternoon,3
traffic,3
conversation,3
father,3
country,3
traders,3
act,3
track,3
accident,3
absolutely,3
crowd,3
dimmock,3
sun,3
except,3
antiquities,3
treasure,3
common,3
losing,2
certainly,2
methods,2
method,2
cares,2
messages,2
train,2
unused,2
coins,2
shouted,2
shaking,2
mention,2
causes,2
trick,2
member,2
unnoticed,2
shaken,2
contents,2
contaminated,2
medicine,2
contact,2
medical,2
media,2
list,2
landline,2
library,2
codes,2
trained,2
certain,2
metres,2
shouts,2
careful,2
colour,2
completely,2
scotland,2
kisses,2
compete,2
lights,2
scratched,2
useful,2
scratches,2
tracks,2
minister,2
calf,2
calling,2
candle,2
knows,2
scrubbed,2
scuff,2
search,2
knees,2
knife,2
treat,2
liked,2
collar,2
knock,2
showing,2
lose,2
lilo,2
meant,2
unless,2
clears,2
chair,2
leak,2
uh,2
leap,2
clunk,2
luxury,2
twice,2
sentenced,2
luggage,2
sentiment,2
learned,2
turner,2
luck,2
circumstances,2
company,2
loves,2
concentrate,2
civilian,2
lover,2
lovely,2
serve,2
loved,2
logical,2
serious,2
traumatic,2
tube,2
clean,2
compelled,2
christmas,2
magic,2
seven,2
chatting,2
shinier,2
chairman,2
communicate,2
short,2
conscious,2
shade,2
chasing,2
marksman,2
chat,2
translate,2
community,2
shores,2
cheap,2
chooses,2
several,2
seizure,2
companion,2
check,2
managed,2
unattached,2
child,2
shooter,2
unable,2
sense,2
concern,2
choked,2
treasures,2
visual,2
valuable,2
angry,2
picked,2
piece,2
approve,2
pillars,2
appreciation,2
piss,2
worse,2
worst,2
plans,2
planted,2
wound,2
played,2
player,2
anonymous,2
annoying,2
pleasure,2
plenty,2
piccadilly,2
photographs,2
article,2
payment,2
passing,2
password,2
pasta,2
windows,2
patches,2
requires,2
attachment,2
assumption,2
asia,2
pension,2
per,2
perfect,2
assassin,2
asphyxiation,2
removed,2
remove,2
plugs,2
refreshed,2
party,2
aneurism,2
alcohol,2
alarming,2
wrote,2
promise,2
ya,2
admit,2
proved,2
yard,2
adjust,2
psychopaths,2
pub,2
public,2
pull,2
yep,2
accommodation,2
acclimatised,2
zhou,2
alcoholic,2
realised,2
prime,2
pouring,2
andy,2
polishing,2
analysis,2
pork,2
amusing,2
potential,2
amazing,2
receipts,2
along,2
powder,2
wrists,2
practically,2
amanda,2
alternative,2
also,2
pretty,2
passes,2
partly,2
model,2
water,2
bottles,2
nails,2
narrows,2
voluntarily,2
natural,2
vomit,2
needs,2
neither,2
bolt,2
walked,2
nicotine,2
normally,2
rule,2
bitter,2
bitte,2
biscuits,2
wasted,2
mutters,2
copy,2
visit,2
moonlit,2
modern,2
molly,2
school,2
monday,2
burns,2
vaporised,2
bulky,2
moral,2
violent,2
vases,2
mortuary,2
bruises,2
mp,2
breakfast,2
bravery,2
brains,2
bills,2
object,2
authorised,2
obsession,2
outlived,2
whether,2
owes,2
owner,2
ballistics,2
packed,2
pages,2
paid,2
background,2
whoosh,2
painting,2
panic,2
result,2
restoration,2
restaurant,2
wide,2
resigned,2
wherever,2
ridiculous,2
barely,2
beast,2
odd,2
weight,2
bedrooms,2
onto,2
weirder,2
become,2
beautiful,2
bear,2
original,2
risked,2
opposite,2
option,2
wheeled,2
basis,2
org,2
organisation,2
coppers,2
living,2
expense,2
event,2
suntan,2
hurt,2
threat,2
sociopath,2
hunts,2
half,2
speak,2
hall,2
emergency,2
frailty,2
sofa,2
human,2
huh,2
sober,2
deleted,2
houston,2
thousand,2
thoughts,2
delivering,2
den,2
surface,2
handbag,2
horn,2
software,2
tag,2
teapots,2
stays,2
eight,2
hoped,2
speaks,2
smoking,2
driver,2
stolen,2
smuggler,2
dealing,2
deaths,2
headed,2
driven,2
girlfriends,2
implying,2
imply,2
immediate,2
sniffer,2
form,2
sum,2
forensics,2
drive,2
ignorant,2
haircut,2
threatening,2
identify,2
drinker,2
identification,2
executed,2
sunbathing,2
threatened,2
sold,2
depth,2
improvement,2
heel,2
sorts,2
somehow,2
funnily,2
gadget,2
gallery,2
doors,2
generated,2
hate,2
ten,2
dispose,2
distant,2
stare,2
engraving,2
theatre,2
distracting,2
divorce,2
heart,2
telling,2
hauls,2
haunted,2
hear,2
garden,2
ensured,2
symbols,2
domestic,2
dog,2
hero,2
harriet,2
third,2
dies,2
freelance,2
status,2
honestly,2
empty,2
designer,2
detectives,2
dialect,2
ta,2
gentlemen,2
standing,2
dragging,2
happening,2
happily,2
hardly,2
hit,2
history,2
downstairs,2
hired,2
difference,2
frightening,2
england,2
high,2
hideout,2
survivor,2
hidden,2
double,2
habit,2
staring,2
food,2
fingerprints,2
stress,2
earth,2
finger,2
investigation,2
du,2
keen,2
teaching,2
greedy,2
investigating,2
spread,2
fingers,2
sugars,2
invented,2
tattoo,2
kept,2
invalided,2
finish,2
dalian,2
internet,2
international,2
fiction,2
interfere,2
greenwich,2
invited,2
fighter,2
simple,2
final,2
jewellery,2
cream,2
touch,2
credit,2
fat,2
top,2
dug,2
favour,2
cracking,2
groaning,2
issues,2
fantastic,2
taught,2
figure,2
simply,2
cracked,2
judging,2
jumped,2
situation,2
suddenly,2
dangerous,2
easily,2
government,2
coughs,2
spotlight,2
flew,2
explaining,2
suit,2
slightly,2
florida,2
spectacularly,2
correctly,2
injury,2
injuries,2
specific,2
thump,2
flying,2
drop,2
corner,2
indeed,2
giving,2
smallish,2
following,2
smartphone,2
driving,2
sign,2
strangers,2
dash,2
cousin,2
firing,2
eaten,2
straighten,2
feud,2
favourite,2
dark,2
guessing,2
story,2
intellect,2
dashing,2
drum,2
tickets,2
f,2
earlier,2
kicks,2
extended,2
flatshare,2
edge,2
key,2
spree,1
research,1
westie,1
spotted,1
wheel,1
resembles,1
resourceful,1
spy,1
white,1
restoring,1
takeaway,1
revenge,1
retired,1
retrace,1
whose,1
stabbed,1
revolution,1
whoever,1
returns,1
reveal,1
talked,1
stain,1
takes,1
stamped,1
revs,1
resentful,1
ride,1
william,1
reserved,1
squad,1
resign,1
tamper,1
squiggles,1
wider,1
restarts,1
resilient,1
ssh,1
talks,1
respect,1
whilst,1
ricochet,1
sidetracked,1
relationship,1
syndicate,1
received,1
suggest,1
realistic,1
suggesting,1
suggestion,1
writes,1
reasonable,1
reasons,1
reassuring,1
recede,1
stops,1
receives,1
readership,1
wrestle,1
suitcases,1
recharge,1
recipient,1
reckon,1
reclaim,1
stood,1
wrapped,1
recommended,1
recreational,1
suffer,1
strains,1
reference,1
yellow,1
rache,1
zinc,1
strongbox,1
rad,1
style,1
radio,1
z,1
strictly,1
raid,1
rained,1
raising,1
strange,1
rapid,1
successfully,1
rate,1
yangtze,1
stranger,1
rattle,1
rayed,1
x,1
raz,1
www,1
suits,1
references,1
republic,1
repeatedly,1
statistically,1
remembered,1
stationery,1
surprising,1
remembers,1
remind,1
wollt,1
surveillance,1
surviving,1
rendezvous,1
suspicion,1
surprise,1
withhold,1
repeats,1
wine,1
swallow,1
swear,1
replaced,1
starve,1
reports,1
symbol,1
winds,1
women,1
remarkable,1
summoned,1
stayed,1
refuelling,1
sterling,1
steps,1
stealing,1
steal,1
steady,1
refuse,1
refused,1
regular,1
supermarket,1
supervisor,1
wonderful,1
worries,1
support,1
spoken,1
relatives,1
relax,1
surgery,1
relaxing,1
wore,1
relics,1
statue,1
tanned,1
volunteered,1
tannedface,1
slows,1
smuggling,1
sergeants,1
smuggled,1
smuggle,1
smoke,1
thuds,1
tunnel,1
smashed,1
smart,1
truth,1
thumb,1
trusted,1
trip,1
slow,1
slip,1
trivia,1
servant,1
slightest,1
slicing,1
slept,1
session,1
set,1
setting,1
sleeping,1
sniff,1
tuts,1
twitching,1
sentence,1
sod,1
sockets,1
uni,1
unfinished,1
unexpected,1
undiscovered,1
underworld,1
sees,1
underwear,1
societies,1
underground,1
threaten,1
self,1
selling,1
semi,1
underestimated,1
uncomfortable,1
snug,1
snoring,1
sniggers,1
threatens,1
uk,1
sniffs,1
stupidity,1
thursday,1
unmentioned,1
signs,1
sirjeffrey,1
sirens,1
totally,1
trapped,1
trap,1
shopping,1
shops,1
touched,1
translated,1
similar,1
silence,1
touring,1
severed,1
signature,1
shouting,1
tourists,1
shower,1
trading,1
towards,1
shown,1
traces,1
trade,1
sie,1
shutter,1
traumatising,1
toilet,1
shining,1
site,1
tricks,1
shagging,1
slams,1
shakes,1
tremor,1
skylight,1
tree,1
treated,1
ticks,1
skulls,1
tight,1
trays,1
sixty,1
shame,1
travelling,1
shaving,1
sheet,1
tightly,1
tightrope,1
shelf,1
shin,1
shines,1
til,1
seemed,1
seeing,1
spoke,1
waitresses,1
ruddy,1
washing,1
wash,1
rumbles,1
warrior,1
warm,1
walking,1
rush,1
walker,1
russian,1
waking,1
safety,1
saliva,1
waited,1
teapot,1
spare,1
sibling,1
saint,1
volunteer,1
source,1
technically,1
teddy,1
sounds,1
sound,1
waste,1
spend,1
waterloo,1
rots,1
risking,1
risky,1
rivalry,1
splutters,1
river,1
splits,1
roadworks,1
roast,1
weeks,1
weekend,1
wednesday,1
splashed,1
roland,1
wear,1
ronay,1
roof,1
wealthy,1
spirited,1
root,1
rope,1
weak,1
ways,1
watsan,1
sales,1
teeth,1
seeds,1
solution,1
theory,1
username,1
solving,1
screech,1
screens,1
solve,1
urgent,1
thief,1
urban,1
upside,1
searching,1
seasoned,1
sand,1
seat,1
solid,1
thinner,1
upon,1
upgrade,1
unwanted,1
unusual,1
unseen,1
solar,1
unremembered,1
unravel,1
scraps,1
using,1
usual,1
vacant,1
sandbag,1
visas,1
santa,1
sat,1
verging,1
vendor,1
vehicles,1
soothers,1
vast,1
scaled,1
scanned,1
temple,1
soother,1
vase,1
scarce,1
various,1
scented,1
valued,1
terrorist,1
texting,1
texts,1
thames,1
scoffs,1
abandon,1
link,1
quid,1
dating,1
danke,1
dancing,1
dailymail,1
czech,1
custody,1
curvature,1
curtains,1
cupboard,1
cunning,1
cult,1
cryptography,1
crumble,1
crowded,1
crossing,1
crossed,1
crossbow,1
croaky,1
crispians,1
crimes,1
cretino,1
creates,1
dates,1
davenport,1
covered,1
deadly,1
diamond,1
dexterity,1
device,1
details,1
destination,1
deserted,1
describe,1
deposit,1
demonstration,1
delivered,1
deliver,1
delicate,1
defying,1
defence,1
deeply,1
deeper,1
deciphering,1
decided,1
decide,1
debit,1
deal,1
crates,1
cover,1
digesting,1
collected,1
coincides,1
coincidence,1
coincide,1
coercion,1
cocks,1
coagulation,1
co,1
closing,1
closest,1
closes,1
closer,1
closely,1
clings,1
cleverer,1
cleaners,1
clattering,1
classic,1
classes,1
clarinet,1
clapped,1
clank,1
colleagues,1
collecting,1
counts,1
college,1
cosy,1
corrupted,1
core,1
coordinates,1
coons,1
cookies,1
cook,1
contortion,1
continue,1
constantly,1
considerably,1
connects,1
confusion,1
confirm,1
confession,1
conclusion,1
compulsion,1
compromised,1
comply,1
commit,1
comes,1
diet,1
digestion,1
ciphers,1
experts,1
experiment,1
expecting,1
exit,1
exhibition,1
exercise,1
exchange,1
exception,1
excellent,1
examining,1
examine,1
exact,1
everywhere,1
everknow,1
estranged,1
estate,1
especially,1
escapology,1
escapologist,1
escaped,1
escape,1
escalator,1
expertise,1
explain,1
entschuldigen,1
faces,1
finds,1
filling,1
fill,1
figures,1
fifth,1
field,1
fetched,1
fellow,1
fell,1
feeds,1
feeding,1
feed,1
fee,1
february,1
fare,1
fancy,1
false,1
falling,1
faintest,1
fading,1
fade,1
ere,1
enthusiast,1
dim,1
drjohn,1
drips,1
drink,1
dressed,1
drawing,1
dramatic,1
dozen,1
doubt,1
dong,1
donated,1
docklands,1
doch,1
disorder,1
discuss,1
discreet,1
discovered,1
disappears,1
disappeared,1
disappear,1
dirty,1
dinners,1
ding,1
drives,1
drunks,1
entered,1
dude,1
enter,1
enlighten,1
enigmatic,1
engine,1
ends,1
empress,1
emporium,1
ella,1
elevator,1
elections,1
egon,1
effort,1
effects,1
education,1
east,1
ease,1
early,1
ear,1
dynamic,1
duofold,1
dunno,1
civil,1
ciphering,1
fingernails,1
bastards,1
bankers,1
bangs,1
balance,1
bagging,1
backstreet,1
baby,1
awful,1
avoiding,1
average,1
automatic,1
author,1
attracts,1
attracting,1
attending,1
attacker,1
athletic,1
association,1
assistance,1
assist,1
asbo,1
artistic,1
bar,1
battersea,1
artisans,1
battery,1
betrayed,1
beth,1
besides,1
beside,1
belonged,1
belong,1
bells,1
bell,1
believing,1
belarus,1
behave,1
beginning,1
beggars,1
beep,1
bedside,1
bed,1
becomes,1
became,1
beaten,1
bears,1
battlefield,1
artist,1
art,1
bewick,1
alarm,1
aggressive,1
agent,1
age,1
afloat,1
advertise,1
advantage,1
advance,1
administered,1
addressed,1
addicted,1
addict,1
actual,1
active,1
acting,1
acrobat,1
accurate,1
accounts,1
account,1
abuse,1
absurd,1
abducted,1
airline,1
aloud,1
arrogant,1
alter,1
arrest,1
argues,1
argh,1
appreciative,1
appreciated,1
appreciate,1
appraise,1
appearances,1
appear,1
apparent,1
apart,1
anytime,1
anticipated,1
anticipate,1
anthea,1
answering,1
answer,1
announcement,1
andrew,1
among,1
amazed,1
betting,1
biding,1
cinema,1
century,1
cent,1
catchy,1
casualties,1
cash,1
cases,1
carried,1
carpet,1
care,1
cards,1
capable,1
cannot,1
cameras,1
calm,1
californian,1
cadavers,1
bye,1
buzzed,1
buzz,1
buyer,1
butter,1
butcher,1
centuries,1
ceramic,1
bus,1
ceramics,1
cigarette,1
cia,1
church,1
chuckles,1
chose,1
choosing,1
chokes,1
chip,1
cheque,1
chenghua,1
cheer,1
cheat,1
chatter,1
chase,1
charity,1
chap,1
changes,1
changed,1
change,1
chain,1
ceremony,1
businessman,1
burnished,1
bigger,1
booked,1
bonds,1
bolted,1
bohemian,1
boat,1
board,1
blunder,1
bloodlust,1
bloke,1
blogger,1
blindfold,1
blind,1
blimey,1
bleeps,1
blank,1
blade,1
blackout,1
bitterness,1
biscuit,1
bird,1
billy,1
bill,1
booby,1
booking,1
bully,1
booming,1
bullets,1
buddy,1
buch,1
bruce,1
britain,1
brighter,1
brew,1
breitling,1
breathe,1
breadboard,1
branch,1
boys,1
boyfriends,1
box,1
bowl,1
bounce,1
bothered,1
bosses,1
born,1
border,1
booms,1
fingered,1
fires,1
quicker,1
normal,1
nicer,1
nicely,1
nib,1
newsreader,1
network,1
nervously,1
nearly,1
national,1
nail,1
nah,1
mystery,1
mutter,1
murmur,1
mug,1
muffled,1
mud,1
moving,1
movements,1
mouldering,1
motorcycle,1
motivator,1
nippy,1
nose,1
morgue,1
noticed,1
orange,1
opinions,1
operation,1
operating,1
opensubtitles,1
opened,1
oof,1
online,1
ongoing,1
often,1
officer,1
offered,1
offer,1
oddly,1
occur,1
occupy,1
nw,1
nun,1
numerals,1
novel,1
notthe,1
motivation,1
moon,1
ordinary,1
meetings,1
meaningful,1
maximise,1
mastermind,1
marvellous,1
mao,1
manner,1
maniac,1
manhattan,1
manage,1
mails,1
magistrates,1
machst,1
lunatic,1
lug,1
loyal,1
lowers,1
lower,1
louder,1
lots,1
loiter,1
locum,1
measuring,1
mein,1
monica,1
melon,1
moments,1
modest,1
mod,1
ml,1
missile,1
mir,1
minor,1
ming,1
millions,1
milk,1
miles,1
mild,1
midnight,1
mid,1
microwave,1
michigan,1
mephone,1
mentioned,1
memories,1
memorial,1
members,1
ordered,1
ordinates,1
lock,1
predictable,1
precisely,1
precautions,1
pours,1
pounds,1
pounding,1
pound,1
pot,1
post,1
possible,1
position,1
popping,1
pop,1
policemen,1
poisoned,1
pointing,1
pointed,1
pockets,1
plumber,1
planning,1
planned,1
plank,1
predict,1
preliminary,1
pint,1
primary,1
quickens,1
qualified,1
puzzles,1
purpose,1
purchased,1
puppet,1
proving,1
provided,1
proverb,1
protected,1
properly,1
propellant,1
program,1
product,1
probability,1
prior,1
prints,1
printed,1
print,1
principles,1
principle,1
pity,1
pings,1
organiser,1
parted,1
parker,1
parked,1
parents,1
paralytic,1
paperwork,1
papers,1
paper,1
panting,1
panics,1
pals,1
pal,1
pairs,1
pair,1
oxford,1
owned,1
ow,1
overtime,1
ourcase,1
ought,1
otherwise,1
orphans,1
parlour,1
partington,1
pinched,1
partners,1
pilot,1
pieces,1
pickpocket,1
pick,1
phrase,1
photo,1
phoning,1
phillimore,1
pew,1
petty,1
persuade,1
personal,1
performers,1
pedestrian,1
peckish,1
peaceful,1
patterson,1
patina,1
past,1
passenger,1
passage,1
locks,1
locate,1
fits,1
hearing,1
headless,1
hateful,1
hated,1
harrow,1
hangers,1
hanged,1
handled,1
handgun,1
halfway,1
hailing,1
hah,1
habitually,1
gunpoint,1
gunned,1
gulps,1
guilty,1
guarantee,1
grunting,1
ground,1
grime,1
greater,1
heads,1
heartless,1
granted,1
helicopter,1
identical,1
hurts,1
hurting,1
hurried,1
hunting,1
hungry,1
hung,1
horizontal,1
hoping,1
hopes,1
hole,1
holding,1
hoard,1
hiya,1
highly,1
hide,1
hercase,1
herbal,1
henchmen,1
hence,1
hellish,1
grating,1
gradually,1
identity,1
fridge,1
frequent,1
frenzy,1
frame,1
fountain,1
fortune,1
fort,1
former,1
formalities,1
formal,1
fork,1
forgive,1
forget,1
forest,1
force,1
footprint,1
foot,1
fool,1
foam,1
fly,1
flesh,1
flash,1
friday,1
front,1
grade,1
full,1
grab,1
gps,1
gossiping,1
gospel,1
goods,1
goodness,1
goodbye,1
gonna,1
gong,1
glittering,1
glad,1
giggle,1
gib,1
ghosts,1
gentle,1
generally,1
gem,1
gasps,1
gap,1
gangsters,1
functioning,1
identified,1
idiots,1
loads,1
lay,1
laundered,1
laugh,1
laptop,1
language,1
lane,1
la,1
korean,1
knox,1
knowledge,1
knowing,1
knocks,1
knocked,1
knives,1
kitten,1
kip,1
kinds,1
kindest,1
killings,1
killing,1
keyboard,1
ketchup,1
laundry,1
leaders,1
keeping,1
leading,1
load,1
livelihood,1
lived,1
listening,1
listed,1
liquid,1
links,1
abby,1
lie,1
liang,1
level,1
letters,1
letter,1
lent,1
length,1
lend,1
legwork,1
lef,1
ledge,1
leaving,1
learns,1
kerr,1
karen,1
imagination,1
insect,1
inquiry,1
input,1
innocent,1
inhales,1
inflicting,1
indiscreet,1
indication,1
incredible,1
include,1
incidents,1
incentive,1
inaudible,1
impression,1
impressed,1
impress,1
impregnable,1
impounded,1
importantly,1
importance,1
impor,1
imaginative,1
inquisitive,1
instruction,1
kamikaze,1
intercom,1
junkie,1
junior,1
jones,1
jenny,1
jaria,1
james,1
jacking,1
jacket,1
ja,1
issued,1
irritate,1
iridium,1
iq,1
involvement,1
investigations,1
investigate,1
invaded,1
intruder,1
intransigent,1
intermittent,1
interest,1
zuruck,1
