Word,compound_lemmas
a-bit,abit;abits;a bit;a bits
a-bone-of-contention,aboneofcontention;aboneofcontentions;a bone of contention;a bone of contentions
a-breath-of-fresh-air,abreathoffreshair;abreathoffreshairs;a breath of fresh air;a breath of fresh airs
a-broken-heart,abrokenheart;abrokenhearts;a broken heart;a broken hearts
a-broken-home,abrokenhome;abrokenhomes;a broken home;a broken homes
a-certain,acertain;acertains;a certain;a certains
a-change-of-clothes,achangeofclothes;achangeofclothess;a change of clothes;a change of clothess
a-change-of-heart,achangeofheart;achangeofhearts;a change of heart;a change of hearts
a-clap-of-thunder,aclapofthunder;aclapofthunders;a clap of thunder;a clap of thunders
a-conflict-of-interest,aconflictofinterest;aconflictofinterests;a conflict of interest;a conflict of interests
a-deep-sleep,adeepsleep;adeepsleeps;a deep sleep;a deep sleeps
a-downward-spiral,adownwardspiral;adownwardspirals;a downward spiral;a downward spirals
a-drop-in-the-ocean,adropintheocean;adropintheoceans;a drop in the ocean;a drop in the oceans
a-fair-chance,afairchance;afairchances;a fair chance;a fair chances
a-few,afew;afews;a few;a fews
a-fine-line,afineline;afinelines;a fine line;a fine lines
a-flight-of-stairs,aflightofstairs;aflightofstairss;a flight of stairs;a flight of stairss
a-force-to-be-reckoned-with,aforcetobereckonedwith;aforcetobereckonedwiths;a force to be reckoned with;a force to be reckoned withs
a-free-hand,afreehand;afreehands;a free hand;a free hands
a-good-deal,agooddeal;agooddeals;a good deal;a good deals
a-great-deal,agreatdeal;agreatdeals;a great deal;a great deals
a-hand,ahand;ahands;a hand;a hands
a-handful-of,ahandfulof;ahandfulofs;a handful of;a handful ofs
a-labor-of-love,alaboroflove;alaborofloves;a labor of love;a labor of loves
a-last-resort,alastresort;alastresorts;a last resort;a last resorts
a-little,alittle;alittles;a little;a littles
a-little-bit,alittlebit;alittlebits;a little bit;a little bits
a-lot,alot;alots;a lot;a lots
a-matter-of-course,amatterofcourse;amatterofcourses;a matter of course;a matter of courses
a-matter-of-life-and-death,amatteroflifeanddeath;amatteroflifeanddeaths;a matter of life and death;a matter of life and deaths
a-means-to-an-end,ameanstoanend;ameanstoanends;a means to an end;a means to an ends
a-narrow-escape,anarrowescape;anarrowescapes;a narrow escape;a narrow escapes
a-nest-egg,anestegg;anesteggs;a nest egg;a nest eggs
a-pity,apity;apitys;a pity;a pitys
a-roof-over-your-head,aroofoveryourhead;aroofoveryourheads;a roof over your head;a roof over your heads
a-rule-of-thumb,aruleofthumb;aruleofthumbs;a rule of thumb;a rule of thumbs
a-safe-bet,asafebet;asafebets;a safe bet;a safe bets
a-sense-of-humor,asenseofhumor;asenseofhumors;a sense of humor;a sense of humors
a-shade,ashade;ashades;a shade;a shades
a-shame,ashame;ashames;a shame;a shames
a-sharp-pain,asharppain;asharppains;a sharp pain;a sharp pains
a-shoulder-to-cry-on,ashouldertocryon;ashouldertocryons;a shoulder to cry on;a shoulder to cry ons
a-slap-in-the-face,aslapintheface;aslapinthefaces;a slap in the face;a slap in the faces
a-sleepless-night,asleeplessnight;asleeplessnights;a sleepless night;a sleepless nights
a-sore-point,asorepoint;asorepoints;a sore point;a sore points
a-stroke-of-luck,astrokeofluck;astrokeoflucks;a stroke of luck;a stroke of lucks
a-sure-thing,asurething;asurethings;a sure thing;a sure things
a-thing,athing;athings;a thing;a things
a-tight-corner,atightcorner;atightcorners;a tight corner;a tight corners
a-touch,atouch;atouchs;a touch;a touchs
a-while,awhile;awhiles;a while;a whiles
above-all,aboveall;abovealls;above all;above alls
according-to,accordingto;accordingtos;according to;according tos
across-the-board,acrosstheboard;acrosstheboards;across the board;across the boards
add-insult-to-injury,addinsulttoinjury;addinsulttoinjurys;add insult to injury;add insult to injurys
after-all,afterall;afteralls;after all;after alls
again-and-again,againandagain;againandagains;again and again;again and agains
against-all-odds,againstallodds;againstalloddss;against all odds;against all oddss
against-the-law,againstthelaw;againstthelaws;against the law;against the laws
air-conditioning,airconditioning;airconditionings;air conditioning;air conditionings
air-force,airforce;airforces;air force;air forces
alarm-clock,alarmclock;alarmclocks;alarm clock;alarm clocks
all-along,allalong;allalongs;all along;all alongs
all-at-once,allatonce;allatonces;all at once;all at onces
all-but,allbut;allbuts;all but;all buts
all-day-long,alldaylong;alldaylongs;all day long;all day longs
all-hours,allhours;allhourss;all hours;all hourss
all-in-all,allinall;allinalls;all in all;all in alls
all-is-well,alliswell;alliswells;all is well;all is wells
all-of-a-sudden,allofasudden;allofasuddens;all of a sudden;all of a suddens
all-over,allover;allovers;all over;all overs
all-over-again,alloveragain;alloveragains;all over again;all over agains
all-over-somewhere,alloversomewhere;alloversomewheres;all over somewhere;all over somewheres
all-over-the-place,allovertheplace;allovertheplaces;all over the place;all over the places
all-right,allright;allrights;all right;all rights
all-shapes-and-sizes,allshapesandsizes;allshapesandsizess;all shapes and sizes;all shapes and sizess
all-the-best,allthebest;allthebests;all the best;all the bests
all-the-time,allthetime;allthetimes;all the time;all the times
all-the-way,alltheway;alltheways;all the way;all the ways
all-things-considered,allthingsconsidered;allthingsconsidereds;all things considered;all things considereds
among-other-things,amongotherthings;amongotherthingss;among other things;among other thingss
amputate-	,amputate	;amputate	s;amputate 	;amputate 	s
amputation-noun,amputationnoun;amputationnouns;amputation noun;amputation nouns
an-appetite-for-something,anappetiteforsomething;anappetiteforsomethings;an appetite for something;an appetite for somethings
an-invasion-of-privacy,aninvasionofprivacy;aninvasionofprivacys;an invasion of privacy;an invasion of privacys
anaemia-,anaemia;anaemias;anaemia ;anaemia s
anaemic-,anaemic;anaemics;anaemic ;anaemic s
and-so-on,andsoon;andsoons;and so on;and so ons
anti-depressant,antidepressant;antidepressants;anti depressant;anti depressants
any-more,anymore;anymores;any more;any mores
anything-like,anythinglike;anythinglikes;anything like;anything likes
apart-from,apartfrom;apartfroms;apart from;apart froms
apartment-building,apartmentbuilding;apartmentbuildings;apartment building;apartment buildings
apply-yourself,applyyourself;applyyourselfs;apply yourself;apply yourselfs
arm-in-arm,arminarm;arminarms;arm in arm;arm in arms
around-the-clock,aroundtheclock;aroundtheclocks;around the clock;around the clocks
arrest-,arrest;arrests;arrest ;arrest s
artificial-intelligence,artificialintelligence;artificialintelligences;artificial intelligence;artificial intelligences
as-a-consequence,asaconsequence;asaconsequences;as a consequence;as a consequences
as-a-matter-of-fact,asamatteroffact;asamatteroffacts;as a matter of fact;as a matter of facts
as-a-whole,asawhole;asawholes;as a whole;as a wholes
as-far-as-i-know,asfarasiknow;asfarasiknows;as far as i know;as far as i knows
as-follows,asfollows;asfollowss;as follows;as followss
as-for,asfor;asfors;as for;as fors
as-if,asif;asifs;as if;as ifs
as-it-happens,asithappens;asithappenss;as it happens;as it happenss
as-it-stands,asitstands;asitstandss;as it stands;as it standss
as-long-as,aslongas;aslongass;as long as;as long ass
as-many-as,asmanyas;asmanyass;as many as;as many ass
as-opposed-to,asopposedto;asopposedtos;as opposed to;as opposed tos
as-soon-as,assoonas;assoonass;as soon as;as soon ass
as-soon-as-possible,assoonaspossible;assoonaspossibles;as soon as possible;as soon as possibles
as-though,asthough;asthoughs;as though;as thoughs
as-usual,asusual;asusuals;as usual;as usuals
as-well,aswell;aswells;as well;as wells
as-well-as,aswellas;aswellass;as well as;as well ass
as-yet,asyet;asyets;as yet;as yets
as-you-know,asyouknow;asyouknows;as you know;as you knows
assert-yourself,assertyourself;assertyourselfs;assert yourself;assert yourselfs
at-a-disadvantage,atadisadvantage;atadisadvantages;at a disadvantage;at a disadvantages
at-a-glance,ataglance;ataglances;at a glance;at a glances
at-a-loss,ataloss;atalosss;at a loss;at a losss
at-a-loss-for-words,atalossforwords;atalossforwordss;at a loss for words;at a loss for wordss
at-all,atall;atalls;at all;at alls
at-all-costs,atallcosts;atallcostss;at all costs;at all costss
at-any-price,atanyprice;atanyprices;at any price;at any prices
at-any-rate,atanyrate;atanyrates;at any rate;at any rates
at-best,atbest;atbests;at best;at bests
at-ease,atease;ateases;at ease;at eases
at-face-value,atfacevalue;atfacevalues;at face value;at face values
at-fault,atfault;atfaults;at fault;at faults
at-first,atfirst;atfirsts;at first;at firsts
at-first-sight,atfirstsight;atfirstsights;at first sight;at first sights
at-hand,athand;athands;at hand;at hands
at-heart,atheart;athearts;at heart;at hearts
at-issue,atissue;atissues;at issue;at issues
at-least,atleast;atleasts;at least;at leasts
at-length,atlength;atlengths;at length;at lengths
at-once,atonce;atonces;at once;at onces
at-one-time-or-another,atonetimeoranother;atonetimeoranothers;at one time or another;at one time or anothers
at-random,atrandom;atrandoms;at random;at randoms
at-risk,atrisk;atrisks;at risk;at risks
at-the-best-of-times,atthebestoftimes;atthebestoftimess;at the best of times;at the best of timess
at-the-latest,atthelatest;atthelatests;at the latest;at the latests
at-the-moment,atthemoment;atthemoments;at the moment;at the moments
at-the-same-time,atthesametime;atthesametimes;at the same time;at the same times
at-the-very-least,attheveryleast;attheveryleasts;at the very least;at the very leasts
at-this-rate,atthisrate;atthisrates;at this rate;at this rates
at-times,attimes;attimess;at times;at timess
at-your-convenience,atyourconvenience;atyourconveniences;at your convenience;at your conveniences
at-your-fingertips,atyourfingertips;atyourfingertipss;at your fingertips;at your fingertipss
at-your-own-risk,atyourownrisk;atyourownrisks;at your own risk;at your own risks
back-and-forth,backandforth;backandforths;back and forth;back and forths
back-off,backoff;backoffs;back off;back offs
back-out,backout;backouts;back out;back outs
bank-account,bankaccount;bankaccounts;bank account;bank accounts
bathing-suit,bathingsuit;bathingsuits;bathing suit;bathing suits
be-a-disgrace,beadisgrace;beadisgraces;be a disgrace;be a disgraces
be-a-first,beafirst;beafirsts;be a first;be a firsts
be-a-joke,beajoke;beajokes;be a joke;be a jokes
be-a-pain,beapain;beapains;be a pain;be a pains
be-a-pain-in-the-neck,beapainintheneck;beapaininthenecks;be a pain in the neck;be a pain in the necks
be-a-piece-of-cake,beapieceofcake;beapieceofcakes;be a piece of cake;be a piece of cakes
be-a-question-of,beaquestionof;beaquestionofs;be a question of;be a question ofs
be-a-rarity,beararity;beararitys;be a rarity;be a raritys
be-a-revelation,bearevelation;bearevelations;be a revelation;be a revelations
be-all-set,beallset;beallsets;be all set;be all sets
be-all-very-well,beallverywell;beallverywells;be all very well;be all very wells
be-around,bearound;bearounds;be around;be arounds
be-at-a-premium,beatapremium;beatapremiums;be at a premium;be at a premiums
be-at-stake,beatstake;beatstakes;be at stake;be at stakes
be-born,beborn;beborns;be born;be borns
be-called-up,becalledup;becalledups;be called up;be called ups
be-coming-along,becomingalong;becomingalongs;be coming along;be coming alongs
be-coming-up,becomingup;becomingups;be coming up;be coming ups
be-down-in-the-dumps,bedowninthedumps;bedowninthedumpss;be down in the dumps;be down in the dumpss
be-found,befound;befounds;be found;be founds
be-full-of-yourself,befullofyourself;befullofyourselfs;be full of yourself;be full of yourselfs
be-good-company,begoodcompany;begoodcompanys;be good company;be good companys
be-in-a-dream,beinadream;beinadreams;be in a dream;be in a dreams
be-in-a-mood,beinamood;beinamoods;be in a mood;be in a moods
be-in-charge,beincharge;beincharges;be in charge;be in charges
be-in-doubt,beindoubt;beindoubts;be in doubt;be in doubts
be-in-good-taste,beingoodtaste;beingoodtastes;be in good taste;be in good tastes
be-in-luck,beinluck;beinlucks;be in luck;be in lucks
be-in-position,beinposition;beinpositions;be in position;be in positions
be-in-the-cards,beinthecards;beinthecardss;be in the cards;be in the cardss
be-in-the-public-eye,beinthepubliceye;beinthepubliceyes;be in the public eye;be in the public eyes
be-in-the-same-boat,beinthesameboat;beinthesameboats;be in the same boat;be in the same boats
be-intended-for,beintendedfor;beintendedfors;be intended for;be intended fors
be-lacking,belacking;belackings;be lacking;be lackings
be-lost-for-words,belostforwords;belostforwordss;be lost for words;be lost for wordss
be-misunderstood,bemisunderstood;bemisunderstoods;be misunderstood;be misunderstoods
be-no-laughing-matter,benolaughingmatter;benolaughingmatters;be no laughing matter;be no laughing matters
be-no-mean-feat,benomeanfeat;benomeanfeats;be no mean feat;be no mean feats
be-of-two-minds,beoftwominds;beoftwomindss;be of two minds;be of two mindss
be-on-cloud-nine,beoncloudnine;beoncloudnines;be on cloud nine;be on cloud nines
be-on-edge,beonedge;beonedges;be on edge;be on edges
be-on-the-ball,beontheball;beontheballs;be on the ball;be on the balls
be-on-the-same-wavelength,beonthesamewavelength;beonthesamewavelengths;be on the same wavelength;be on the same wavelengths
be-only-human,beonlyhuman;beonlyhumans;be only human;be only humans
be-out-of-breath,beoutofbreath;beoutofbreaths;be out of breath;be out of breaths
be-out-of-practice,beoutofpractice;beoutofpractices;be out of practice;be out of practices
be-out-of-the-question,beoutofthequestion;beoutofthequestions;be out of the question;be out of the questions
be-out-of-this-world,beoutofthisworld;beoutofthisworlds;be out of this world;be out of this worlds
be-out-of-touch,beoutoftouch;beoutoftouchs;be out of touch;be out of touchs
be-poles-apart,bepolesapart;bepolesaparts;be poles apart;be poles aparts
be-populated,bepopulated;bepopulateds;be populated;be populateds
be-said-to-be,besaidtobe;besaidtobes;be said to be;be said to bes
be-satisfied-that,besatisfiedthat;besatisfiedthats;be satisfied that;be satisfied thats
be-seated,beseated;beseateds;be seated;be seateds
be-snowed-in,besnowedin;besnowedins;be snowed in;be snowed ins
be-snowed-under,besnowedunder;besnowedunders;be snowed under;be snowed unders
be-something,besomething;besomethings;be something;be somethings
be-still-going-strong,bestillgoingstrong;bestillgoingstrongs;be still going strong;be still going strongs
be-sure-of-yourself,besureofyourself;besureofyourselfs;be sure of yourself;be sure of yourselfs
be-taken-in,betakenin;betakenins;be taken in;be taken ins
be-tempted,betempted;betempteds;be tempted;be tempteds
be-the-case,bethecase;bethecases;be the case;be the cases
be-the-center-of-attention,bethecenterofattention;bethecenterofattentions;be the center of attention;be the center of attentions
be-the-tip-of-the-iceberg,bethetipoftheiceberg;bethetipoftheicebergs;be the tip of the iceberg;be the tip of the icebergs
be-to-blame,betoblame;betoblames;be to blame;be to blames
be-trapped,betrapped;betrappeds;be trapped;be trappeds
be-under-the-impression,beundertheimpression;beundertheimpressions;be under the impression;be under the impressions
be-under-way,beunderway;beunderways;be under way;be under ways
be-wide-awake,bewideawake;bewideawakes;be wide awake;be wide awakes
be-worth,beworth;beworths;be worth;be worths
be-worth-it,beworthit;beworthits;be worth it;be worth its
be-worth-your-while,beworthyourwhile;beworthyourwhiles;be worth your while;be worth your whiles
be-wrong,bewrong;bewrongs;be wrong;be wrongs
bear-fruit,bearfruit;bearfruits;bear fruit;bear fruits
beat-around-the-bush,beataroundthebush;beataroundthebushs;beat around the bush;beat around the bushs
because-of,becauseof;becauseofs;because of;because ofs
become-a-reality,becomeareality;becomearealitys;become a reality;become a realitys
before-you-know-it,beforeyouknowit;beforeyouknowits;before you know it;before you know its
behind-bars,behindbars;behindbarss;behind bars;behind barss
behind-closed-doors,behindcloseddoors;behindcloseddoorss;behind closed doors;behind closed doorss
behind-the-scenes,behindthescenes;behindthesceness;behind the scenes;behind the sceness
behind-the-times,behindthetimes;behindthetimess;behind the times;behind the timess
believe-it-or-not,believeitornot;believeitornots;believe it or not;believe it or nots
bend-over-backwards,bendoverbackwards;bendoverbackwardss;bend over backwards;bend over backwardss
beside-the-point,besidethepoint;besidethepoints;beside the point;beside the points
beside-yourself,besideyourself;besideyourselfs;beside yourself;beside yourselfs
best-wishes,bestwishes;bestwishess;best wishes;best wishess
better-still,betterstill;betterstills;better still;better stills
beyond-your-wildest-dreams,beyondyourwildestdreams;beyondyourwildestdreamss;beyond your wildest dreams;beyond your wildest dreamss
bit-by-bit,bitbybit;bitbybits;bit by bit;bit by bits
bits-and-pieces,bitsandpieces;bitsandpiecess;bits and pieces;bits and piecess
blood-count,bloodcount;bloodcounts;blood count;blood counts
blood-donor,blooddonor;blooddonors;blood donor;blood donors
blood-pressure,bloodpressure;bloodpressures;blood pressure;blood pressures
blow-your-mind,blowyourmind;blowyourminds;blow your mind;blow your minds
blow-your-nose,blowyournose;blowyournoses;blow your nose;blow your noses
board-game,boardgame;boardgames;board game;board games
bounce-back,bounceback;bouncebacks;bounce back;bounce backs
brand-new,brandnew;brandnews;brand new;brand news
break-a-record,breakarecord;breakarecords;break a record;break a records
break-down,breakdown;breakdowns;break down;break downs
break-even,breakeven;breakevens;break even;break evens
break-free,breakfree;breakfrees;break free;break frees
break-in,breakin;breakins;break in;break ins
break-out,breakout;breakouts;break out;break outs
break-the-ice,breaktheice;breaktheices;break the ice;break the ices
break-the-law,breakthelaw;breakthelaws;break the law;break the laws
break-up,breakup;breakups;break up;break ups
bribe-,bribe;bribes;bribe ;bribe s
bring-a-lump-to-your-throat,bringalumptoyourthroat;bringalumptoyourthroats;bring a lump to your throat;bring a lump to your throats
bulletin-board,bulletinboard;bulletinboards;bulletin board;bulletin boards
burn-out,burnout;burnouts;burn out;burn outs
burn-the-midnight-oil,burnthemidnightoil;burnthemidnightoils;burn the midnight oil;burn the midnight oils
burst-into-flames,burstintoflames;burstintoflamess;burst into flames;burst into flamess
burst-into-tears,burstintotears;burstintotearss;burst into tears;burst into tearss
burst-out,burstout;burstouts;burst out;burst outs
bus-station,busstation;busstations;bus station;bus stations
bus-stop,busstop;busstops;bus stop;bus stops
butt-in,buttin;buttins;butt in;butt ins
by-accident,byaccident;byaccidents;by accident;by accidents
by-all-accounts,byallaccounts;byallaccountss;by all accounts;by all accountss
by-all-means,byallmeans;byallmeanss;by all means;by all meanss
by-and-large,byandlarge;byandlarges;by and large;by and larges
by-any-chance,byanychance;byanychances;by any chance;by any chances
by-far,byfar;byfars;by far;by fars
by-hand,byhand;byhands;by hand;by hands
by-heart,byheart;byhearts;by heart;by hearts
by-law,bylaw;bylaws;by law;by laws
by-means-of,bymeansof;bymeansofs;by means of;by means ofs
by-mistake,bymistake;bymistakes;by mistake;by mistakes
by-the-same-token,bythesametoken;bythesametokens;by the same token;by the same tokens
by-the-way,bytheway;bytheways;by the way;by the ways
by-word-of-mouth,bywordofmouth;bywordofmouths;by word of mouth;by word of mouths
c-section,csection;csections;c section;c sections
caesarean-section,caesareansection;caesareansections;caesarean section;caesarean sections
call-a-meeting,callameeting;callameetings;call a meeting;call a meetings
call-in-sick,callinsick;callinsicks;call in sick;call in sicks
call-it-a-day,callitaday;callitadays;call it a day;call it a days
can-afford,canafford;canaffords;can afford;can affords
can-tell,cantell;cantells;can tell;can tells
cannot-afford,cannotafford;cannotaffords;cannot afford;cannot affords
canon-law,canonlaw;canonlaws;canon law;canon laws
capital-letter,capitalletter;capitalletters;capital letter;capital letters
carbon-dioxide,carbondioxide;carbondioxides;carbon dioxide;carbon dioxides
carbon-footprint,carbonfootprint;carbonfootprints;carbon footprint;carbon footprints
carbon-monoxide,carbonmonoxide;carbonmonoxides;carbon monoxide;carbon monoxides
cardiopulmonary-resuscitation,cardiopulmonaryresuscitation;cardiopulmonaryresuscitations;cardiopulmonary resuscitation;cardiopulmonary resuscitations
carry-weight,carryweight;carryweights;carry weight;carry weights
cash-machine,cashmachine;cashmachines;cash machine;cash machines
cast-your-mind-back,castyourmindback;castyourmindbacks;cast your mind back;cast your mind backs
catch-fire,catchfire;catchfires;catch fire;catch fires
catch-on,catchon;catchons;catch on;catch ons
catch-up,catchup;catchups;catch up;catch ups
catch-your-breath,catchyourbreath;catchyourbreaths;catch your breath;catch your breaths
cd-player,cdplayer;cdplayers;cd player;cd players
cell-phone,cellphone;cellphones;cell phone;cell phones
central-heating,centralheating;centralheatings;central heating;central heatings
certainly-not,certainlynot;certainlynots;certainly not;certainly nots
chain-of-custody,chainofcustody;chainofcustodys;chain of custody;chain of custodys
change-the-subject,changethesubject;changethesubjects;change the subject;change the subjects
change-your-mind,changeyourmind;changeyourminds;change your mind;change your minds
check-in,checkin;checkins;check in;check ins
check-out,checkout;checkouts;check out;check outs
chest-of-drawers,chestofdrawers;chestofdrawerss;chest of drawers;chest of drawerss
chewing-gum,chewinggum;chewinggums;chewing gum;chewing gums
chill-out,chillout;chillouts;chill out;chill outs
circumstantial-evidence,circumstantialevidence;circumstantialevidences;circumstantial evidence;circumstantial evidences
class-evidence,classevidence;classevidences;class evidence;class evidences
classical-music,classicalmusic;classicalmusics;classical music;classical musics
clear-the-air,cleartheair;cleartheairs;clear the air;clear the airs
clear-up,clearup;clearups;clear up;clear ups
climate-change,climatechange;climatechanges;climate change;climate changes
close-in,closein;closeins;close in;close ins
coffee-shop,coffeeshop;coffeeshops;coffee shop;coffee shops
come-about,comeabout;comeabouts;come about;come abouts
come-across,comeacross;comeacrosss;come across;come acrosss
come-along,comealong;comealongs;come along;come alongs
come-around,comearound;comearounds;come around;come arounds
come-back,comeback;comebacks;come back;come backs
come-down,comedown;comedowns;come down;come downs
come-first,comefirst;comefirsts;come first;come firsts
come-from-the-heart,comefromtheheart;comefromthehearts;come from the heart;come from the hearts
come-in,comein;comeins;come in;come ins
come-in-handy,comeinhandy;comeinhandys;come in handy;come in handys
come-into-being,comeintobeing;comeintobeings;come into being;come into beings
come-off,comeoff;comeoffs;come off;come offs
come-on,comeon;comeons;come on;come ons
come-out,comeout;comeouts;come out;come outs
come-over,comeover;comeovers;come over;come overs
come-through,comethrough;comethroughs;come through;come throughs
come-to-light,cometolight;cometolights;come to light;come to lights
come-to-mind,cometomind;cometominds;come to mind;come to minds
come-to-think-of-it,cometothinkofit;cometothinkofits;come to think of it;come to think of its
come-true,cometrue;cometrues;come true;come trues
come-under-fire,comeunderfire;comeunderfires;come under fire;come under fires
come-up,comeup;comeups;come up;come ups
common-knowledge,commonknowledge;commonknowledges;common knowledge;common knowledges
common-law,commonlaw;commonlaws;common law;common laws
common-sense,commonsense;commonsenses;common sense;common senses
compare-notes,comparenotes;comparenotess;compare notes;compare notess
conduct-yourself,conductyourself;conductyourselfs;conduct yourself;conduct yourselfs
conventional-wisdom,conventionalwisdom;conventionalwisdoms;conventional wisdom;conventional wisdoms
could-have,couldhave;couldhaves;could have;could haves
count-noun,countnoun;countnouns;count noun;count nouns
course-of-action,courseofaction;courseofactions;course of action;course of actions
court-of-law,courtoflaw;courtoflaws;court of law;court of laws
crack-a-joke,crackajoke;crackajokes;crack a joke;crack a jokes
crack-down,crackdown;crackdowns;crack down;crack downs
crack-up,crackup;crackups;crack up;crack ups
credit-card,creditcard;creditcards;credit card;credit cards
crime-scene,crimescene;crimescenes;crime scene;crime scenes
crime-scene-investigation,crimesceneinvestigation;crimesceneinvestigations;crime scene investigation;crime scene investigations
crime-scene-notification,crimescenenotification;crimescenenotifications;crime scene notification;crime scene notifications
crime-scene-reconstruction,crimescenereconstruction;crimescenereconstructions;crime scene reconstruction;crime scene reconstructions
criminal-,criminal;criminals;criminal ;criminal s
criminal-mischief,criminalmischief;criminalmischiefs;criminal mischief;criminal mischiefs
criminal-record,criminalrecord;criminalrecords;criminal record;criminal records
critical-condition,criticalcondition;criticalconditions;critical condition;critical conditions
cross-contamination-,crosscontamination;crosscontaminations;cross contamination ;cross contamination s
cross-your-mind,crossyourmind;crossyourminds;cross your mind;cross your minds
cry-your-eyes-out,cryyoureyesout;cryyoureyesouts;cry your eyes out;cry your eyes outs
crystal-clear,crystalclear;crystalclears;crystal clear;crystal clears
csi-(crime-scene-investigation),csi(crimesceneinvestigation);csi(crimesceneinvestigation)s;csi (crime scene investigation);csi (crime scene investigation)s
csi-technician,csitechnician;csitechnicians;csi technician;csi technicians
daily-life,dailylife;dailylifes;daily life;daily lifes
date-back,dateback;datebacks;date back;date backs
day-care,daycare;daycares;day care;day cares
dear-madam,dearmadam;dearmadams;dear madam;dear madams
dear-sir,dearsir;dearsirs;dear sir;dear sirs
death-sentence,deathsentence;deathsentences;death sentence;death sentences
debit-card,debitcard;debitcards;debit card;debit cards
deciding-factor,decidingfactor;decidingfactors;deciding factor;deciding factors
decision-making,decisionmaking;decisionmakings;decision making;decision makings
deductive-reasoning,deductivereasoning;deductivereasonings;deductive reasoning;deductive reasonings
deep-down,deepdown;deepdowns;deep down;deep downs
definite-article,definitearticle;definitearticles;definite article;definite articles
definitely-not,definitelynot;definitelynots;definitely not;definitely nots
department-store,departmentstore;departmentstores;department store;department stores
despite-the-fact-that,despitethefactthat;despitethefactthats;despite the fact that;despite the fact thats
die-down,diedown;diedowns;die down;die downs
die-out,dieout;dieouts;die out;die outs
digital-camera,digitalcamera;digitalcameras;digital camera;digital cameras
dining-room,diningroom;diningrooms;dining room;dining rooms
direct-evidence,directevidence;directevidences;direct evidence;direct evidences
disc-jockey,discjockey;discjockeys;disc jockey;disc jockeys
disposable-income,disposableincome;disposableincomes;disposable income;disposable incomes
do-the-job,dothejob;dothejobs;do the job;do the jobs
do-the-trick,dothetrick;dothetricks;do the trick;do the tricks
do-your-best,doyourbest;doyourbests;do your best;do your bests
do-your-own-thing,doyourownthing;doyourownthings;do your own thing;do your own things
do-your-utmost,doyourutmost;doyourutmosts;do your utmost;do your utmosts
doom-and-gloom,doomandgloom;doomandglooms;doom and gloom;doom and glooms
down-and-out,downandout;downandouts;down and out;down and outs
down-the-drain,downthedrain;downthedrains;down the drain;down the drains
down-the-line,downtheline;downthelines;down the line;down the lines
drag-and-drop,draganddrop;draganddrops;drag and drop;drag and drops
draw-a-conclusion,drawaconclusion;drawaconclusions;draw a conclusion;draw a conclusions
drift-apart,driftapart;driftaparts;drift apart;drift aparts
drift-off,driftoff;driftoffs;drift off;drift offs
drop-dead,dropdead;dropdeads;drop dead;drop deads
dry-up,dryup;dryups;dry up;dry ups
due-to,dueto;duetos;due to;due tos
e-book,ebook;ebooks;e book;e books
each-other,eachother;eachothers;each other;each others
early-on,earlyon;earlyons;early on;early ons
earn-a-living,earnaliving;earnalivings;earn a living;earn a livings
easier-said-than-done,easiersaidthandone;easiersaidthandones;easier said than done;easier said than dones
eat-out,eatout;eatouts;eat out;eat outs
either-way,eitherway;eitherways;either way;either ways
elementary-school,elementaryschool;elementaryschools;elementary school;elementary schools
emergency-dispatcher,emergencydispatcher;emergencydispatchers;emergency dispatcher;emergency dispatchers
emergency-room,emergencyroom;emergencyrooms;emergency room;emergency rooms
end-up,endup;endups;end up;end ups
enjoy-yourself,enjoyyourself;enjoyyourselfs;enjoy yourself;enjoy yourselfs
enough-is-enough,enoughisenough;enoughisenoughs;enough is enough;enough is enoughs
environmentally-friendly,environmentallyfriendly;environmentallyfriendlys;environmentally friendly;environmentally friendlys
et-al,etal;etals;et al;et als
even-if,evenif;evenifs;even if;even ifs
even-so,evenso;evensos;even so;even sos
even-though,eventhough;eventhoughs;even though;even thoughs
ever-since,eversince;eversinces;ever since;ever sinces
every-now-and-then,everynowandthen;everynowandthens;every now and then;every now and thens
every-single,everysingle;everysingles;every single;every singles
every-so-often,everysooften;everysooftens;every so often;every so oftens
exceed-the-speed-limit,exceedthespeedlimit;exceedthespeedlimits;exceed the speed limit;exceed the speed limits
except-that,exceptthat;exceptthats;except that;except thats
exchange-rate,exchangerate;exchangerates;exchange rate;exchange rates
exclamation-point,exclamationpoint;exclamationpoints;exclamation point;exclamation points
excuse-me,excuseme;excusemes;excuse me;excuse mes
extreme-sports,extremesports;extremesportss;extreme sports;extreme sportss
eye-contact,eyecontact;eyecontacts;eye contact;eye contacts
face-the-music,facethemusic;facethemusics;face the music;face the musics
face-to-face,facetoface;facetofaces;face to face;face to faces
fade-away,fadeaway;fadeaways;fade away;fade aways
fair-enough,fairenough;fairenoughs;fair enough;fair enoughs
fair-play,fairplay;fairplays;fair play;fair plays
fall-apart,fallapart;fallaparts;fall apart;fall aparts
fall-asleep,fallasleep;fallasleeps;fall asleep;fall asleeps
fall-down,falldown;falldowns;fall down;fall downs
fall-flat,fallflat;fallflats;fall flat;fall flats
fall-flat-on-your-face,fallflatonyourface;fallflatonyourfaces;fall flat on your face;fall flat on your faces
fall-in-love,fallinlove;fallinloves;fall in love;fall in loves
fall-into-place,fallintoplace;fallintoplaces;fall into place;fall into places
fall-on-deaf-ears,fallondeafears;fallondeafearss;fall on deaf ears;fall on deaf earss
fall-out,fallout;fallouts;fall out;fall outs
fall-over,fallover;fallovers;fall over;fall overs
fall-through,fallthrough;fallthroughs;fall through;fall throughs
false-negative,falsenegative;falsenegatives;false negative;false negatives
family-history,familyhistory;familyhistorys;family history;family historys
far-from-it,farfromit;farfromits;far from it;far from its
fast-asleep,fastasleep;fastasleeps;fast asleep;fast asleeps
fast-food,fastfood;fastfoods;fast food;fast foods
fear-the-worst,feartheworst;feartheworsts;fear the worst;fear the worsts
fed-up,fedup;fedups;fed up;fed ups
feel-at-home,feelathome;feelathomes;feel at home;feel at homes
feel-faint,feelfaint;feelfaints;feel faint;feel faints
feel-sorry-for,feelsorryfor;feelsorryfors;feel sorry for;feel sorry fors
fend-for-yourself,fendforyourself;fendforyourselfs;fend for yourself;fend for yourselfs
few-and-far-between,fewandfarbetween;fewandfarbetweens;few and far between;few and far betweens
fire-department,firedepartment;firedepartments;fire department;fire departments
fire-station,firestation;firestations;fire station;fire stations
first-and-foremost,firstandforemost;firstandforemosts;first and foremost;first and foremosts
first-language,firstlanguage;firstlanguages;first language;first languages
first-name,firstname;firstnames;first name;first names
first-responder,firstresponder;firstresponders;first responder;first responders
fit-in,fitin;fitins;fit in;fit ins
fly-in-the-face-of,flyinthefaceof;flyinthefaceofs;fly in the face of;fly in the face ofs
follow-suit,followsuit;followsuits;follow suit;follow suits
foot-the-bill,footthebill;footthebills;foot the bill;foot the bills
for-all,forall;foralls;for all;for alls
for-days,fordays;fordayss;for days;for dayss
for-ever,forever;forevers;for ever;for evers
for-example,forexample;forexamples;for example;for examples
for-fun-or-for-the-fun-of-it,forfunorforthefunofit;forfunorforthefunofits;for fun or for the fun of it;for fun or for the fun of its
for-good,forgood;forgoods;for good;for goods
for-instance,forinstance;forinstances;for instance;for instances
for-life,forlife;forlifes;for life;for lifes
for-long,forlong;forlongs;for long;for longs
for-nothing,fornothing;fornothings;for nothing;for nothings
for-once,foronce;foronces;for once;for onces
for-one-thing,foronething;foronethings;for one thing;for one things
for-real,forreal;forreals;for real;for reals
for-sale,forsale;forsales;for sale;for sales
for-some-time,forsometime;forsometimes;for some time;for some times
for-sure,forsure;forsures;for sure;for sures
for-the-best,forthebest;forthebests;for the best;for the bests
for-the-moment,forthemoment;forthemoments;for the moment;for the moments
for-the-most-part,forthemostpart;forthemostparts;for the most part;for the most parts
for-years,foryears;foryearss;for years;for yearss
force-majeure,forcemajeure;forcemajeures;force majeure;force majeures
forensic-science,forensicscience;forensicsciences;forensic science;forensic sciences
forensic-scientist,forensicscientist;forensicscientists;forensic scientist;forensic scientists
forget-it,forgetit;forgetits;forget it;forget its
forgive-me,forgiveme;forgivemes;forgive me;forgive mes
foul-language,foullanguage;foullanguages;foul language;foul languages
frame-of-mind,frameofmind;frameofminds;frame of mind;frame of minds
fresh-air,freshair;freshairs;fresh air;fresh airs
fresh-water,freshwater;freshwaters;fresh water;fresh waters
from-scratch,fromscratch;fromscratchs;from scratch;from scratchs
from-side-to-side,fromsidetoside;fromsidetosides;from side to side;from side to sides
from-time-to-time,fromtimetotime;fromtimetotimes;from time to time;from time to times
from-top-to-bottom,fromtoptobottom;fromtoptobottoms;from top to bottom;from top to bottoms
frying-pan,fryingpan;fryingpans;frying pan;frying pans
full-time,fulltime;fulltimes;full time;full times
gas-station,gasstation;gasstations;gas station;gas stations
genetically-modified,geneticallymodified;geneticallymodifieds;genetically modified;genetically modifieds
get-a-move-on,getamoveon;getamoveons;get a move on;get a move ons
get-along,getalong;getalongs;get along;get alongs
get-away,getaway;getaways;get away;get aways
get-back,getback;getbacks;get back;get backs
get-in,getin;getins;get in;get ins
get-in-touch,getintouch;getintouchs;get in touch;get in touchs
get-married,getmarried;getmarrieds;get married;get marrieds
get-moving,getmoving;getmovings;get moving;get movings
get-out,getout;getouts;get out;get outs
get-out-of-hand,getoutofhand;getoutofhands;get out of hand;get out of hands
get-the-picture,getthepicture;getthepictures;get the picture;get the pictures
get-together,gettogether;gettogethers;get together;get togethers
get-underway,getunderway;getunderways;get underway;get underways
get-up,getup;getups;get up;get ups
get-worse,getworse;getworses;get worse;get worses
get-you-nowhere,getyounowhere;getyounowheres;get you nowhere;get you nowheres
get-your-act-together,getyouracttogether;getyouracttogethers;get your act together;get your act togethers
give-a-party,giveaparty;giveapartys;give a party;give a partys
give-birth,givebirth;givebirths;give birth;give births
give-in,givein;giveins;give in;give ins
give-up,giveup;giveups;give up;give ups
give-way,giveway;giveways;give way;give ways
global-warming,globalwarming;globalwarmings;global warming;global warmings
go-against-the-grain,goagainstthegrain;goagainstthegrains;go against the grain;go against the grains
go-ahead,goahead;goaheads;go ahead;go aheads
go-away,goaway;goaways;go away;go aways
go-back,goback;gobacks;go back;go backs
go-blank,goblank;goblanks;go blank;go blanks
go-by,goby;gobys;go by;go bys
go-crazy,gocrazy;gocrazys;go crazy;go crazys
go-down,godown;godowns;go down;go downs
go-downhill,godownhill;godownhills;go downhill;go downhills
go-hand-in-hand,gohandinhand;gohandinhands;go hand in hand;go hand in hands
go-in,goin;goins;go in;go ins
go-into-detail,gointodetail;gointodetails;go into detail;go into details
go-off,gooff;gooffs;go off;go offs
go-on,goon;goons;go on;go ons
go-out,goout;goouts;go out;go outs
go-overboard,gooverboard;gooverboards;go overboard;go overboards
go-red,gored;goreds;go red;go reds
go-shopping,goshopping;goshoppings;go shopping;go shoppings
go-through-the-motions,gothroughthemotions;gothroughthemotionss;go through the motions;go through the motionss
go-through-the-roof,gothroughtheroof;gothroughtheroofs;go through the roof;go through the roofs
go-to-the-bathroom,gotothebathroom;gotothebathrooms;go to the bathroom;go to the bathrooms
go-too-far,gotoofar;gotoofars;go too far;go too fars
go-up,goup;goups;go up;go ups
go-with-the-flow,gowiththeflow;gowiththeflows;go with the flow;go with the flows
go-wrong,gowrong;gowrongs;go wrong;go wrongs
good-afternoon,goodafternoon;goodafternoons;good afternoon;good afternoons
good-evening,goodevening;goodevenings;good evening;good evenings
good-for-you,goodforyou;goodforyous;good for you;good for yous
good-morning,goodmorning;goodmornings;good morning;good mornings
good-night,goodnight;goodnights;good night;good nights
great-big,greatbig;greatbigs;great big;great bigs
grin-and-bear-it,grinandbearit;grinandbearits;grin and bear it;grin and bear its
grit-your-teeth,grityourteeth;grityourteeths;grit your teeth;grit your teeths
grocery-store,grocerystore;grocerystores;grocery store;grocery stores
grow-up,growup;growups;grow up;grow ups
hair-dryer,hairdryer;hairdryers;hair dryer;hair dryers
half-price,halfprice;halfprices;half price;half prices
hand-in-hand,handinhand;handinhands;hand in hand;hand in hands
hang-in-the-balance,hanginthebalance;hanginthebalances;hang in the balance;hang in the balances
hang-on,hangon;hangons;hang on;hang ons
hang-out,hangout;hangouts;hang out;hang outs
hang-up,hangup;hangups;hang up;hang ups
hard-drive,harddrive;harddrives;hard drive;hard drives
hard-feelings,hardfeelings;hardfeelingss;hard feelings;hard feelingss
hardly-ever,hardlyever;hardlyevers;hardly ever;hardly evers
have-a-chip-on-your-shoulder,haveachiponyourshoulder;haveachiponyourshoulders;have a chip on your shoulder;have a chip on your shoulders
have-a-temperature,haveatemperature;haveatemperatures;have a temperature;have a temperatures
have-had-enough,havehadenough;havehadenoughs;have had enough;have had enoughs
have-no-doubt,havenodoubt;havenodoubts;have no doubt;have no doubts
have-no-idea,havenoidea;havenoideas;have no idea;have no ideas
have-seen-better-days,haveseenbetterdays;haveseenbetterdayss;have seen better days;have seen better dayss
have-the-upper-hand,havetheupperhand;havetheupperhands;have the upper hand;have the upper hands
have-your-hands-full,haveyourhandsfull;haveyourhandsfulls;have your hands full;have your hands fulls
head-off,headoff;headoffs;head off;head offs
health-care,healthcare;healthcares;health care;health cares
heart-attack,heartattack;heartattacks;heart attack;heart attacks
here-and-there,hereandthere;hereandtheres;here and there;here and theres
high-profile,highprofile;highprofiles;high profile;high profiles
high-school,highschool;highschools;high school;high schools
hit-it-off,hititoff;hititoffs;hit it off;hit it offs
hit-the-roof,hittheroof;hittheroofs;hit the roof;hit the roofs
hold-a-conversation,holdaconversation;holdaconversations;hold a conversation;hold a conversations
hold-down-a-job,holddownajob;holddownajobs;hold down a job;hold down a jobs
hold-on,holdon;holdons;hold on;hold ons
hold-out-hope,holdouthope;holdouthopes;hold out hope;hold out hopes
hold-your-breath,holdyourbreath;holdyourbreaths;hold your breath;hold your breaths
hold-your-own,holdyourown;holdyourowns;hold your own;hold your owns
hot-chocolate,hotchocolate;hotchocolates;hot chocolate;hot chocolates
hot-dog,hotdog;hotdogs;hot dog;hot dogs
how-come,howcome;howcomes;how come;how comes
how-far,howfar;howfars;how far;how fars
how-many,howmany;howmanys;how many;how manys
human-rights,humanrights;humanrightss;human rights;human rightss
hurry-up,hurryup;hurryups;hurry up;hurry ups
i-forget,iforget;iforgets;i forget;i forgets
i-guess,iguess;iguesss;i guess;i guesss
i-know,iknow;iknows;i know;i knows
i-mean,imean;imeans;i mean;i means
i-suppose,isuppose;isupposes;i suppose;i supposes
i-told-you-so,itoldyouso;itoldyousos;i told you so;i told you sos
ice-cream,icecream;icecreams;ice cream;ice creams
ice-hockey,icehockey;icehockeys;ice hockey;ice hockeys
ice-skating,iceskating;iceskatings;ice skating;ice skatings
id-card,idcard;idcards;id card;id cards
if-i-were-you,ifiwereyou;ifiwereyous;if i were you;if i were yous
if-need-be,ifneedbe;ifneedbes;if need be;if need bes
if-not,ifnot;ifnots;if not;if nots
if-only,ifonly;ifonlys;if only;if onlys
if-so,ifso;ifsos;if so;if sos
if-you-ask-me,ifyouaskme;ifyouaskmes;if you ask me;if you ask mes
if-you-like,ifyoulike;ifyoulikes;if you like;if you likes
ill-at-ease,illatease;illateases;ill at ease;ill at eases
immune-system,immunesystem;immunesystems;immune system;immune systems
immunize-,immunize;immunizes;immunize ;immunize s
implied-trust,impliedtrust;impliedtrusts;implied trust;implied trusts
in-a-big-way,inabigway;inabigways;in a big way;in a big ways
in-a-fix,inafix;inafixs;in a fix;in a fixs
in-a-flash,inaflash;inaflashs;in a flash;in a flashs
in-a-nutshell,inanutshell;inanutshells;in a nutshell;in a nutshells
in-a-row,inarow;inarows;in a row;in a rows
in-a-rut,inarut;inaruts;in a rut;in a ruts
in-a-sense,inasense;inasenses;in a sense;in a senses
in-actual-fact,inactualfact;inactualfacts;in actual fact;in actual facts
in-advance,inadvance;inadvances;in advance;in advances
in-all,inall;inalls;in all;in alls
in-all-likelihood,inalllikelihood;inalllikelihoods;in all likelihood;in all likelihoods
in-all-probability,inallprobability;inallprobabilitys;in all probability;in all probabilitys
in-any-case,inanycase;inanycases;in any case;in any cases
in-any-event,inanyevent;inanyevents;in any event;in any events
in-association-with,inassociationwith;inassociationwiths;in association with;in association withs
in-attendance,inattendance;inattendances;in attendance;in attendances
in-brief,inbrief;inbriefs;in brief;in briefs
in-bulk,inbulk;inbulks;in bulk;in bulks
in-cold-blood,incoldblood;incoldbloods;in cold blood;in cold bloods
in-conclusion,inconclusion;inconclusions;in conclusion;in conclusions
in-confidence,inconfidence;inconfidences;in confidence;in confidences
in-demand,indemand;indemands;in demand;in demands
in-depth,indepth;indepths;in depth;in depths
in-detail,indetail;indetails;in detail;in details
in-due-course,induecourse;induecourses;in due course;in due courses
in-effect,ineffect;ineffects;in effect;in effects
in-essence,inessence;inessences;in essence;in essences
in-fact,infact;infacts;in fact;in facts
in-force,inforce;inforces;in force;in forces
in-front,infront;infronts;in front;in fronts
in-full,infull;infulls;in full;in fulls
in-general,ingeneral;ingenerals;in general;in generals
in-hand,inhand;inhands;in hand;in hands
in-isolation,inisolation;inisolations;in isolation;in isolations
in-its-infancy,initsinfancy;initsinfancys;in its infancy;in its infancys
in-itself,initself;initselfs;in itself;in itselfs
in-law,inlaw;inlaws;in law;in laws
in-love,inlove;inloves;in love;in loves
in-miniature,inminiature;inminiatures;in miniature;in miniatures
in-moderation,inmoderation;inmoderations;in moderation;in moderations
in-my-humble-opinion,inmyhumbleopinion;inmyhumbleopinions;in my humble opinion;in my humble opinions
in-no-time,innotime;innotimes;in no time;in no times
in-no-uncertain-terms,innouncertainterms;innouncertaintermss;in no uncertain terms;in no uncertain termss
in-other-words,inotherwords;inotherwordss;in other words;in other wordss
in-part,inpart;inparts;in part;in parts
in-particular,inparticular;inparticulars;in particular;in particulars
in-person,inperson;inpersons;in person;in persons
in-perspective,inperspective;inperspectives;in perspective;in perspectives
in-place,inplace;inplaces;in place;in places
in-practice,inpractice;inpractices;in practice;in practices
in-private,inprivate;inprivates;in private;in privates
in-progress,inprogress;inprogresss;in progress;in progresss
in-proportion-to,inproportionto;inproportiontos;in proportion to;in proportion tos
in-public,inpublic;inpublics;in public;in publics
in-reserve,inreserve;inreserves;in reserve;in reserves
in-response-to,inresponseto;inresponsetos;in response to;in response tos
in-retrospect,inretrospect;inretrospects;in retrospect;in retrospects
in-return,inreturn;inreturns;in return;in returns
in-reverse,inreverse;inreverses;in reverse;in reverses
in-safe-hands,insafehands;insafehandss;in safe hands;in safe handss
in-season,inseason;inseasons;in season;in seasons
in-secret,insecret;insecrets;in secret;in secrets
in-short,inshort;inshorts;in short;in shorts
in-stock,instock;instocks;in stock;in stocks
in-store,instore;instores;in store;in stores
in-tears,intears;intearss;in tears;in tearss
in-that,inthat;inthats;in that;in thats
in-that-case,inthatcase;inthatcases;in that case;in that cases
in-the-bargain,inthebargain;inthebargains;in the bargain;in the bargains
in-the-blink-of-an-eye,intheblinkofaneye;intheblinkofaneyes;in the blink of an eye;in the blink of an eyes
in-the-clear,intheclear;intheclears;in the clear;in the clears
in-the-dark,inthedark;inthedarks;in the dark;in the darks
in-the-end,intheend;intheends;in the end;in the ends
in-the-fast-lane,inthefastlane;inthefastlanes;in the fast lane;in the fast lanes
in-the-first-place,inthefirstplace;inthefirstplaces;in the first place;in the first places
in-the-future,inthefuture;inthefutures;in the future;in the futures
in-the-long-run,inthelongrun;inthelongruns;in the long run;in the long runs
in-the-long-term,inthelongterm;inthelongterms;in the long term;in the long terms
in-the-meantime,inthemeantime;inthemeantimes;in the meantime;in the meantimes
in-the-middle-of-nowhere,inthemiddleofnowhere;inthemiddleofnowheres;in the middle of nowhere;in the middle of nowheres
in-the-morning,inthemorning;inthemornings;in the morning;in the mornings
in-the-near-future,inthenearfuture;inthenearfutures;in the near future;in the near futures
in-the-picture,inthepicture;inthepictures;in the picture;in the pictures
in-the-process,intheprocess;intheprocesss;in the process;in the processs
in-the-same-way,inthesameway;inthesameways;in the same way;in the same ways
in-the-short-term,intheshortterm;intheshortterms;in the short term;in the short terms
in-theory,intheory;intheorys;in theory;in theorys
in-those-days,inthosedays;inthosedayss;in those days;in those dayss
in-time,intime;intimes;in time;in times
in-tune,intune;intunes;in tune;in tunes
in-turn,inturn;inturns;in turn;in turns
in-vain,invain;invains;in vain;in vains
in-writing,inwriting;inwritings;in writing;in writings
in-your-heart,inyourheart;inyourhearts;in your heart;in your hearts
indefinite-article,indefinitearticle;indefinitearticles;indefinite article;indefinite articles
individual-evidence,individualevidence;individualevidences;individual evidence;individual evidences
infected-,infected;infecteds;infected ;infected s
infection-,infection;infections;infection ;infection s
inside-out,insideout;insideouts;inside out;inside outs
insofar-as,insofaras;insofarass;insofar as;insofar ass
instead-of,insteadof;insteadofs;instead of;instead ofs
intensive-care-unit,intensivecareunit;intensivecareunits;intensive care unit;intensive care units
it-follows-that,itfollowsthat;itfollowsthats;it follows that;it follows thats
it-goes-without-saying,itgoeswithoutsaying;itgoeswithoutsayings;it goes without saying;it goes without sayings
it-stands-to-reason,itstandstoreason;itstandstoreasons;it stands to reason;it stands to reasons
join-forces,joinforces;joinforcess;join forces;join forcess
jump-to-conclusions,jumptoconclusions;jumptoconclusionss;jump to conclusions;jump to conclusionss
junk-food,junkfood;junkfoods;junk food;junk foods
junk-mail,junkmail;junkmails;junk mail;junk mails
just-about,justabout;justabouts;just about;just abouts
just-as,justas;justass;just as;just ass
just-now,justnow;justnows;just now;just nows
justify-yourself,justifyyourself;justifyyourselfs;justify yourself;justify yourselfs
keep-a-cool-head,keepacoolhead;keepacoolheads;keep a cool head;keep a cool heads
keep-a-low-profile,keepalowprofile;keepalowprofiles;keep a low profile;keep a low profiles
keep-a-straight-face,keepastraightface;keepastraightfaces;keep a straight face;keep a straight faces
keep-in-shape,keepinshape;keepinshapes;keep in shape;keep in shapes
keep-in-touch,keepintouch;keepintouchs;keep in touch;keep in touchs
keep-track,keeptrack;keeptracks;keep track;keep tracks
keep-your-cool,keepyourcool;keepyourcools;keep your cool;keep your cools
keep-your-head-above-water,keepyourheadabovewater;keepyourheadabovewaters;keep your head above water;keep your head above waters
keep-your-mouth-shut,keepyourmouthshut;keepyourmouthshuts;keep your mouth shut;keep your mouth shuts
keep-your-temper,keepyourtemper;keepyourtempers;keep your temper;keep your tempers
keep-your-word,keepyourword;keepyourwords;keep your word;keep your words
kick-in,kickin;kickins;kick in;kick ins
kick-off,kickoff;kickoffs;kick off;kick offs
kick-yourself,kickyourself;kickyourselfs;kick yourself;kick yourselfs
kill-time,killtime;killtimes;kill time;kill times
kind-of,kindof;kindofs;kind of;kind ofs
know-best,knowbest;knowbests;know best;know bests
know-better,knowbetter;knowbetters;know better;know betters
know-what-you-are-talking-about,knowwhatyouaretalkingabout;knowwhatyouaretalkingabouts;know what you are talking about;know what you are talking abouts
know-your-stuff,knowyourstuff;knowyourstuffs;know your stuff;know your stuffs
lab-results,labresults;labresultss;lab results;lab resultss
large-scale,largescale;largescales;large scale;large scales
last-but-not-least,lastbutnotleast;lastbutnotleasts;last but not least;last but not leasts
last-name,lastname;lastnames;last name;last names
last-night,lastnight;lastnights;last night;last nights
later-on,lateron;laterons;later on;later ons
law-and-order,lawandorder;lawandorders;law and order;law and orders
lay-eggs,layeggs;layeggss;lay eggs;lay eggss
lead-investigator,leadinvestigator;leadinvestigators;lead investigator;lead investigators
leave-no-stone-unturned,leavenostoneunturned;leavenostoneunturneds;leave no stone unturned;leave no stone unturneds
leave-someone-to-their-own-devices,leavesomeonetotheirowndevices;leavesomeonetotheirowndevicess;leave someone to their own devices;leave someone to their own devicess
let-alone,letalone;letalones;let alone;let alones
let-go,letgo;letgos;let go;let gos
let-off-steam,letoffsteam;letoffsteams;let off steam;let off steams
let-your-guard-down,letyourguarddown;letyourguarddowns;let your guard down;let your guard downs
let-your-hair-down,letyourhairdown;letyourhairdowns;let your hair down;let your hair downs
lie-ahead,lieahead;lieaheads;lie ahead;lie aheads
lie-down,liedown;liedowns;lie down;lie downs
life-span,lifespan;lifespans;life span;life spans
life-support,lifesupport;lifesupports;life support;life supports
life-threatening,lifethreatening;lifethreatenings;life threatening;life threatenings
light-headed,lightheaded;lightheadeds;light headed;light headeds
like-crazy,likecrazy;likecrazys;like crazy;like crazys
like-i-said,likeisaid;likeisaids;like i said;like i saids
like-mad,likemad;likemads;like mad;like mads
likes-and-dislikes,likesanddislikes;likesanddislikess;likes and dislikes;likes and dislikess
listen-in,listenin;listenins;listen in;listen ins
little-by-little,littlebylittle;littlebylittles;little by little;little by littles
live-together,livetogether;livetogethers;live together;live togethers
living-room,livingroom;livingrooms;living room;living rooms
long-ago,longago;longagos;long ago;long agos
long-before,longbefore;longbefores;long before;long befores
long-standing,longstanding;longstandings;long standing;long standings
long-term,longterm;longterms;long term;long terms
look-ahead,lookahead;lookaheads;look ahead;look aheads
look-back,lookback;lookbacks;look back;look backs
look-like,looklike;looklikes;look like;look likes
look-on-the-bright-side,lookonthebrightside;lookonthebrightsides;look on the bright side;look on the bright sides
look-up,lookup;lookups;look up;look ups
loom-large,loomlarge;loomlarges;loom large;loom larges
loosen-up,loosenup;loosenups;loosen up;loosen ups
lose-count,losecount;losecounts;lose count;lose counts
lose-face,loseface;losefaces;lose face;lose faces
lose-sleep-over-something,losesleepoversomething;losesleepoversomethings;lose sleep over something;lose sleep over somethings
lose-touch,losetouch;losetouchs;lose touch;lose touchs
lose-track,losetrack;losetracks;lose track;lose tracks
lose-your-balance,loseyourbalance;loseyourbalances;lose your balance;lose your balances
lose-your-cool,loseyourcool;loseyourcools;lose your cool;lose your cools
lose-your-head,loseyourhead;loseyourheads;lose your head;lose your heads
lose-your-life,loseyourlife;loseyourlifes;lose your life;lose your lifes
lose-your-temper,loseyourtemper;loseyourtempers;lose your temper;lose your tempers
lose-your-voice,loseyourvoice;loseyourvoices;lose your voice;lose your voices
love-at-first-sight,loveatfirstsight;loveatfirstsights;love at first sight;love at first sights
main-course,maincourse;maincourses;main course;main courses
major-in,majorin;majorins;major in;major ins
make-a-face,makeaface;makeafaces;make a face;make a faces
make-a-fool-of-yourself,makeafoolofyourself;makeafoolofyourselfs;make a fool of yourself;make a fool of yourselfs
make-a-name-for-yourself,makeanameforyourself;makeanameforyourselfs;make a name for yourself;make a name for yourselfs
make-a-run-for-it,makearunforit;makearunforits;make a run for it;make a run for its
make-a-splash,makeasplash;makeasplashs;make a splash;make a splashs
make-ends-meet,makeendsmeet;makeendsmeets;make ends meet;make ends meets
make-sense,makesense;makesenses;make sense;make senses
make-sure,makesure;makesures;make sure;make sures
make-time,maketime;maketimes;make time;make times
make-up-your-mind-or-make-your-mind-up,makeupyourmindormakeyourmindup;makeupyourmindormakeyourmindups;make up your mind or make your mind up;make up your mind or make your mind ups
make-waves,makewaves;makewavess;make waves;make wavess
make-your-blood-boil,makeyourbloodboil;makeyourbloodboils;make your blood boil;make your blood boils
make-your-blood-run-cold,makeyourbloodruncold;makeyourbloodruncolds;make your blood run cold;make your blood run colds
make-your-presence-felt,makeyourpresencefelt;makeyourpresencefelts;make your presence felt;make your presence felts
make-your-way,makeyourway;makeyourways;make your way;make your ways
make-yourself-at-home,makeyourselfathome;makeyourselfathomes;make yourself at home;make yourself at homes
make-yourself-understood,makeyourselfunderstood;makeyourselfunderstoods;make yourself understood;make yourself understoods
margin-of-error,marginoferror;marginoferrors;margin of error;margin of errors
martial-art,martialart;martialarts;martial art;martial arts
mass-media,massmedia;massmedias;mass media;mass medias
may-have,mayhave;mayhaves;may have;may haves
mean-well,meanwell;meanwells;mean well;mean wells
med-school,medschool;medschools;med school;med schools
medical-school,medicalschool;medicalschools;medical school;medical schools
mess-around,messaround;messarounds;mess around;mess arounds
message-board,messageboard;messageboards;message board;message boards
might-have,mighthave;mighthaves;might have;might haves
mind-your-own-business,mindyourownbusiness;mindyourownbusinesss;mind your own business;mind your own businesss
mineral-water,mineralwater;mineralwaters;mineral water;mineral waters
miss-out,missout;missouts;miss out;miss outs
miss-the-boat,misstheboat;misstheboats;miss the boat;miss the boats
more-and-more,moreandmore;moreandmores;more and more;more and mores
more-or-less,moreorless;moreorlesss;more or less;more or lesss
mother-tongue,mothertongue;mothertongues;mother tongue;mother tongues
mount-up,mountup;mountups;mount up;mount ups
mouth-of-a-river,mouthofariver;mouthofarivers;mouth of a river;mouth of a rivers
move-in,movein;moveins;move in;move ins
move-on,moveon;moveons;move on;move ons
move-out,moveout;moveouts;move out;move outs
movie-theater,movietheater;movietheaters;movie theater;movie theaters
muddle-through,muddlethrough;muddlethroughs;muddle through;muddle throughs
native-speaker,nativespeaker;nativespeakers;native speaker;native speakers
navy-blue,navyblue;navyblues;navy blue;navy blues
neck-and-neck,neckandneck;neckandnecks;neck and neck;neck and necks
needless-to-say,needlesstosay;needlesstosays;needless to say;needless to says
never-mind,nevermind;neverminds;never mind;never minds
new-blood,newblood;newbloods;new blood;new bloods
next-door,nextdoor;nextdoors;next door;next doors
next-to,nextto;nexttos;next to;next tos
no-doubt,nodoubt;nodoubts;no doubt;no doubts
no-end,noend;noends;no end;no ends
no-longer,nolonger;nolongers;no longer;no longers
no-need,noneed;noneeds;no need;no needs
no-one,noone;noones;no one;no ones
no-such-thing,nosuchthing;nosuchthings;no such thing;no such things
no-thanks,nothanks;nothankss;no thanks;no thankss
no-way,noway;noways;no way;no ways
no-wonder,nowonder;nowonders;no wonder;no wonders
not-a-single-thing,notasinglething;notasinglethings;not a single thing;not a single things
not-at-all,notatall;notatalls;not at all;not at alls
not-bad,notbad;notbads;not bad;not bads
not-be-on-speaking-terms,notbeonspeakingterms;notbeonspeakingtermss;not be on speaking terms;not be on speaking termss
not-be-the-end-of-the-world,notbetheendoftheworld;notbetheendoftheworlds;not be the end of the world;not be the end of the worlds
not-believe-your-ears,notbelieveyourears;notbelieveyourearss;not believe your ears;not believe your earss
not-believe-your-eyes,notbelieveyoureyes;notbelieveyoureyess;not believe your eyes;not believe your eyess
not-even,noteven;notevens;not even;not evens
not-exactly,notexactly;notexactlys;not exactly;not exactlys
not-have-a-clue,nothaveaclue;nothaveaclues;not have a clue;not have a clues
not-have-the-faintest-idea,nothavethefaintestidea;nothavethefaintestideas;not have the faintest idea;not have the faintest ideas
not-hold-water,notholdwater;notholdwaters;not hold water;not hold waters
not-in-the-least,notintheleast;notintheleasts;not in the least;not in the leasts
not-judge-a-book-by-its-cover,notjudgeabookbyitscover;notjudgeabookbyitscovers;not judge a book by its cover;not judge a book by its covers
not-least,notleast;notleasts;not least;not leasts
not-only,notonly;notonlys;not only;not onlys
not-quite,notquite;notquites;not quite;not quites
not-really,notreally;notreallys;not really;not reallys
not-sleep-a-wink,notsleepawink;notsleepawinks;not sleep a wink;not sleep a winks
not-think-straight,notthinkstraight;notthinkstraights;not think straight;not think straights
not-think-twice,notthinktwice;notthinktwices;not think twice;not think twices
not-to-mention,nottomention;nottomentions;not to mention;not to mentions
not-too,nottoo;nottoos;not too;not toos
not-until,notuntil;notuntils;not until;not untils
nothing-but,nothingbut;nothingbuts;nothing but;nothing buts
now-and-then,nowandthen;nowandthens;now and then;now and thens
nowhere-near,nowherenear;nowherenears;nowhere near;nowhere nears
odds-and-ends,oddsandends;oddsandendss;odds and ends;odds and endss
of-course,ofcourse;ofcourses;of course;of courses
of-course-not,ofcoursenot;ofcoursenots;of course not;of course nots
of-your-own,ofyourown;ofyourowns;of your own;of your owns
of-your-own-accord,ofyourownaccord;ofyourownaccords;of your own accord;of your own accords
off-duty,offduty;offdutys;off duty;off dutys
off-the-beaten-track,offthebeatentrack;offthebeatentracks;off the beaten track;off the beaten tracks
oh-well,ohwell;ohwells;oh well;oh wells
old-fashioned,oldfashioned;oldfashioneds;old fashioned;old fashioneds
old-friend,oldfriend;oldfriends;old friend;old friends
on-average,onaverage;onaverages;on average;on averages
on-balance,onbalance;onbalances;on balance;on balances
on-board,onboard;onboards;on board;on boards
on-display,ondisplay;ondisplays;on display;on displays
on-duty,onduty;ondutys;on duty;on dutys
on-fire,onfire;onfires;on fire;on fires
on-foot,onfoot;onfoots;on foot;on foots
on-hand,onhand;onhands;on hand;on hands
on-hold,onhold;onholds;on hold;on holds
on-impulse,onimpulse;onimpulses;on impulse;on impulses
on-loan,onloan;onloans;on loan;on loans
on-location,onlocation;onlocations;on location;on locations
on-occasion,onoccasion;onoccasions;on occasion;on occasions
on-principle,onprinciple;onprinciples;on principle;on principles
on-purpose,onpurpose;onpurposes;on purpose;on purposes
on-sale,onsale;onsales;on sale;on sales
on-short-notice,onshortnotice;onshortnotices;on short notice;on short notices
on-show,onshow;onshows;on show;on shows
on-site,onsite;onsites;on site;on sites
on-the-air,ontheair;ontheairs;on the air;on the airs
on-the-contrary,onthecontrary;onthecontrarys;on the contrary;on the contrarys
on-the-dot,onthedot;onthedots;on the dot;on the dots
on-the-face-of-it,onthefaceofit;onthefaceofits;on the face of it;on the face of its
on-the-horizon,onthehorizon;onthehorizons;on the horizon;on the horizons
on-the-increase,ontheincrease;ontheincreases;on the increase;on the increases
on-the-job,onthejob;onthejobs;on the job;on the jobs
on-the-road,ontheroad;ontheroads;on the road;on the roads
on-the-side,ontheside;onthesides;on the side;on the sides
on-the-spot,onthespot;onthespots;on the spot;on the spots
on-the-spur-of-the-moment,onthespurofthemoment;onthespurofthemoments;on the spur of the moment;on the spur of the moments
on-the-whole,onthewhole;onthewholes;on the whole;on the wholes
on-time,ontime;ontimes;on time;on times
on-track,ontrack;ontracks;on track;on tracks
once-again,onceagain;onceagains;once again;once agains
once-and-for-all,onceandforall;onceandforalls;once and for all;once and for alls
once-more,oncemore;oncemores;once more;once mores
once-upon-a-time,onceuponatime;onceuponatimes;once upon a time;once upon a times
one-after-another,oneafteranother;oneafteranothers;one after another;one after anothers
one-another,oneanother;oneanothers;one another;one anothers
one-at-a-time,oneatatime;oneatatimes;one at a time;one at a times
one-by-one,onebyone;onebyones;one by one;one by ones
one-day,oneday;onedays;one day;one days
one-of-a-kind,oneofakind;oneofakinds;one of a kind;one of a kinds
one-or-two,oneortwo;oneortwos;one or two;one or twos
one-way-or-another,onewayoranother;onewayoranothers;one way or another;one way or anothers
one-way-or-the-other,onewayortheother;onewayortheothers;one way or the other;one way or the others
open-up,openup;openups;open up;open ups
open-your-heart,openyourheart;openyourhearts;open your heart;open your hearts
operate-on-,operateon;operateons;operate on ;operate on s
operating-room,operatingroom;operatingrooms;operating room;operating rooms
or-anything,oranything;oranythings;or anything;or anythings
or-else,orelse;orelses;or else;or elses
or-not,ornot;ornots;or not;or nots
or-other,orother;orothers;or other;or others
or-so,orso;orsos;or so;or sos
or-two,ortwo;ortwos;or two;or twos
or-whatever,orwhatever;orwhatevers;or whatever;or whatevers
other-than,otherthan;otherthans;other than;other thans
other-than-that,otherthanthat;otherthanthats;other than that;other than thats
ought-to,oughtto;oughttos;ought to;ought tos
out-loud,outloud;outlouds;out loud;out louds
out-of,outof;outofs;out of;out ofs
out-of-control,outofcontrol;outofcontrols;out of control;out of controls
out-of-date,outofdate;outofdates;out of date;out of dates
out-of-nowhere,outofnowhere;outofnowheres;out of nowhere;out of nowheres
out-of-order,outoforder;outoforders;out of order;out of orders
out-of-place,outofplace;outofplaces;out of place;out of places
out-of-proportion,outofproportion;outofproportions;out of proportion;out of proportions
out-of-season,outofseason;outofseasons;out of season;out of seasons
out-of-shape,outofshape;outofshapes;out of shape;out of shapes
out-of-stock,outofstock;outofstocks;out of stock;out of stocks
out-of-the-blue,outoftheblue;outoftheblues;out of the blue;out of the blues
out-of-the-ordinary,outoftheordinary;outoftheordinarys;out of the ordinary;out of the ordinarys
out-of-tune,outoftune;outoftunes;out of tune;out of tunes
out-of-work,outofwork;outofworks;out of work;out of works
out-of-your-depth,outofyourdepth;outofyourdepths;out of your depth;out of your depths
overstay-your-welcome,overstayyourwelcome;overstayyourwelcomes;overstay your welcome;overstay your welcomes
owing-to,owingto;owingtos;owing to;owing tos
pace-yourself,paceyourself;paceyourselfs;pace yourself;pace yourselfs
pain-killer,painkiller;painkillers;pain killer;pain killers
paper-bindle,paperbindle;paperbindles;paper bindle;paper bindles
parking-lot,parkinglot;parkinglots;parking lot;parking lots
part-and-parcel,partandparcel;partandparcels;part and parcel;part and parcels
part-time,parttime;parttimes;part time;part times
pass-a-law,passalaw;passalaws;pass a law;pass a laws
pass-away,passaway;passaways;pass away;pass aways
pass-out,passout;passouts;pass out;pass outs
pave-the-way,pavetheway;pavetheways;pave the way;pave the ways
pay-off,payoff;payoffs;pay off;pay offs
pay-the-price,paytheprice;paytheprices;pay the price;pay the prices
peace-of-mind,peaceofmind;peaceofminds;peace of mind;peace of minds
peer-pressure,peerpressure;peerpressures;peer pressure;peer pressures
pen-pal,penpal;penpals;pen pal;pen pals
personal-hygiene,personalhygiene;personalhygienes;personal hygiene;personal hygienes
pharmacy-,pharmacy;pharmacys;pharmacy ;pharmacy s
phrasal-verb,phrasalverb;phrasalverbs;phrasal verb;phrasal verbs
pick-up-the-pieces,pickupthepieces;pickupthepiecess;pick up the pieces;pick up the piecess
pile-up,pileup;pileups;pile up;pile ups
pitch-a-tent,pitchatent;pitchatents;pitch a tent;pitch a tents
play-games,playgames;playgamess;play games;play gamess
play-it-by-ear,playitbyear;playitbyears;play it by ear;play it by ears
play-with-fire,playwithfire;playwithfires;play with fire;play with fires
pleased-to-meet-you,pleasedtomeetyou;pleasedtomeetyous;pleased to meet you;pleased to meet yous
point-of-view,pointofview;pointofviews;point of view;point of views
polar-bear,polarbear;polarbears;polar bear;polar bears
police-officer,policeofficer;policeofficers;police officer;police officers
police-station,policestation;policestations;police station;police stations
post-office,postoffice;postoffices;post office;post offices
potato-chip,potatochip;potatochips;potato chip;potato chips
prescription-,prescription;prescriptions;prescription ;prescription s
presence-of-mind,presenceofmind;presenceofminds;presence of mind;presence of minds
press-charges,presscharges;presschargess;press charges;press chargess
primary-crime-scene,primarycrimescene;primarycrimescenes;primary crime scene;primary crime scenes
prime-minister,primeminister;primeministers;prime minister;prime ministers
proper-noun,propernoun;propernouns;proper noun;proper nouns
prove-yourself,proveyourself;proveyourselfs;prove yourself;prove yourselfs
public-transportation,publictransportation;publictransportations;public transportation;public transportations
pull-a-muscle,pullamuscle;pullamuscles;pull a muscle;pull a muscles
pull-out,pullout;pullouts;pull out;pull outs
pull-over,pullover;pullovers;pull over;pull overs
pull-strings,pullstrings;pullstringss;pull strings;pull stringss
pull-up,pullup;pullups;pull up;pull ups
pull-your-weight,pullyourweight;pullyourweights;pull your weight;pull your weights
push-yourself,pushyourself;pushyourselfs;push yourself;push yourselfs
put-something-into-practice,putsomethingintopractice;putsomethingintopractices;put something into practice;put something into practices
put-your-feet-up,putyourfeetup;putyourfeetups;put your feet up;put your feet ups
put-your-foot-down,putyourfootdown;putyourfootdowns;put your foot down;put your foot downs
put-your-foot-in-your-mouth,putyourfootinyourmouth;putyourfootinyourmouths;put your foot in your mouth;put your foot in your mouths
put-your-mind-to-it,putyourmindtoit;putyourmindtoits;put your mind to it;put your mind to its
question-mark,questionmark;questionmarks;question mark;question marks
quite-a-bit,quiteabit;quiteabits;quite a bit;quite a bits
quite-a-few,quiteafew;quiteafews;quite a few;quite a fews
quite-a-while,quiteawhile;quiteawhiles;quite a while;quite a whiles
quotation-marks,quotationmarks;quotationmarkss;quotation marks;quotation markss
rain-forest,rainforest;rainforests;rain forest;rain forests
raise-your-voice,raiseyourvoice;raiseyourvoices;raise your voice;raise your voices
rather-than,ratherthan;ratherthans;rather than;rather thans
read-between-the-lines,readbetweenthelines;readbetweentheliness;read between the lines;read between the liness
reasonably-priced,reasonablypriced;reasonablypriceds;reasonably priced;reasonably priceds
recharge-your-batteries,rechargeyourbatteries;rechargeyourbatteriess;recharge your batteries;recharge your batteriess
regardless-of,regardlessof;regardlessofs;regardless of;regardless ofs
remote-control,remotecontrol;remotecontrols;remote control;remote controls
report-card,reportcard;reportcards;report card;report cards
retrace-your-steps,retraceyoursteps;retraceyourstepss;retrace your steps;retrace your stepss
return-to-normal,returntonormal;returntonormals;return to normal;return to normals
ring-a-bell,ringabell;ringabells;ring a bell;ring a bells
ring-hollow,ringhollow;ringhollows;ring hollow;ring hollows
rock-the-boat,rocktheboat;rocktheboats;rock the boat;rock the boats
role-model,rolemodel;rolemodels;role model;role models
roll-your-eyes,rollyoureyes;rollyoureyess;roll your eyes;roll your eyess
room-for-improvement,roomforimprovement;roomforimprovements;room for improvement;room for improvements
round-of-applause,roundofapplause;roundofapplauses;round of applause;round of applauses
routine-check-up,routinecheckup;routinecheckups;routine check up;routine check ups
rub-it-in,rubitin;rubitins;rub it in;rub it ins
run-around,runaround;runarounds;run around;run arounds
run-away,runaway;runaways;run away;run aways
run-out,runout;runouts;run out;run outs
run-wild,runwild;runwilds;run wild;run wilds
running-water,runningwater;runningwaters;running water;running waters
rush-hour,rushhour;rushhours;rush hour;rush hours
sad-to-say,sadtosay;sadtosays;sad to say;sad to says
safe-and-sound,safeandsound;safeandsounds;safe and sound;safe and sounds
safe-to-say,safetosay;safetosays;safe to say;safe to says
science-fiction,sciencefiction;sciencefictions;science fiction;science fictions
scrub-up,scrubup;scrubups;scrub up;scrub ups
second-opinion,secondopinion;secondopinions;second opinion;second opinions
secondary-crime-scene,secondarycrimescene;secondarycrimescenes;secondary crime scene;secondary crime scenes
secondary-school,secondaryschool;secondaryschools;secondary school;secondary schools
see-fit,seefit;seefits;see fit;see fits
see-sense,seesense;seesenses;see sense;see senses
see-that,seethat;seethats;see that;see thats
see-you,seeyou;seeyous;see you;see yous
see-you-later,seeyoulater;seeyoulaters;see you later;see you laters
see-you-soon,seeyousoon;seeyousoons;see you soon;see you soons
sell-like-hotcakes,selllikehotcakes;selllikehotcakess;sell like hotcakes;sell like hotcakess
sell-out,sellout;sellouts;sell out;sell outs
set-a-record,setarecord;setarecords;set a record;set a records
set-an-example,setanexample;setanexamples;set an example;set an examples
set-off,setoff;setoffs;set off;set offs
set-out,setout;setouts;set out;set outs
set-sail,setsail;setsails;set sail;set sails
set-the-table,setthetable;setthetables;set the table;set the tables
settle-down,settledown;settledowns;settle down;settle downs
settle-in,settlein;settleins;settle in;settle ins
shake-hands,shakehands;shakehandss;shake hands;shake handss
shake-your-head,shakeyourhead;shakeyourheads;shake your head;shake your heads
shed-light-on,shedlighton;shedlightons;shed light on;shed light ons
shed-tears,shedtears;shedtearss;shed tears;shed tearss
short-term,shortterm;shortterms;short term;short terms
show-off,showoff;showoffs;show off;show offs
show-up,showup;showups;show up;show ups
shut-your-mouth,shutyourmouth;shutyourmouths;shut your mouth;shut your mouths
sick-to-your-stomach,sicktoyourstomach;sicktoyourstomachs;sick to your stomach;sick to your stomachs
side-by-side,sidebyside;sidebysides;side by side;side by sides
side-effect,sideeffect;sideeffects;side effect;side effects
side-effects,sideeffects;sideeffectss;side effects;side effectss
sign-up,signup;signups;sign up;sign ups
single-parent,singleparent;singleparents;single parent;single parents
sleep-on-it,sleeponit;sleeponits;sleep on it;sleep on its
slip-away,slipaway;slipaways;slip away;slip aways
slip-out,slipout;slipouts;slip out;slip outs
slip-up,slipup;slipups;slip up;slip ups
slip-your-mind,slipyourmind;slipyourminds;slip your mind;slip your minds
slow-down,slowdown;slowdowns;slow down;slow downs
so-as-to,soasto;soastos;so as to;so as tos
so-called,socalled;socalleds;so called;so calleds
so-far,sofar;sofars;so far;so fars
so-to-speak,sotospeak;sotospeaks;so to speak;so to speaks
soap-opera,soapopera;soapoperas;soap opera;soap operas
social-networking,socialnetworking;socialnetworkings;social networking;social networkings
soft-drink,softdrink;softdrinks;soft drink;soft drinks
some-kind-of,somekindof;somekindofs;some kind of;some kind ofs
something-like,somethinglike;somethinglikes;something like;something likes
sooner-or-later,soonerorlater;soonerorlaters;sooner or later;sooner or laters
sort-of,sortof;sortofs;sort of;sort ofs
spare-time,sparetime;sparetimes;spare time;spare times
speak-up,speakup;speakups;speak up;speak ups
speak-volumes,speakvolumes;speakvolumess;speak volumes;speak volumess
speak-your-mind,speakyourmind;speakyourminds;speak your mind;speak your minds
speaks-for-itself,speaksforitself;speaksforitselfs;speaks for itself;speaks for itselfs
special-offer,specialoffer;specialoffers;special offer;special offers
split-up,splitup;splitups;split up;split ups
spread-out,spreadout;spreadouts;spread out;spread outs
spring-to-mind,springtomind;springtominds;spring to mind;spring to minds
spring-up,springup;springups;spring up;spring ups
stable-condition,stablecondition;stableconditions;stable condition;stable conditions
stand-a-chance,standachance;standachances;stand a chance;stand a chances
stand-back,standback;standbacks;stand back;stand backs
stand-in,standin;standins;stand in;stand ins
stand-out,standout;standouts;stand out;stand outs
stand-trial,standtrial;standtrials;stand trial;stand trials
stand-your-ground,standyourground;standyourgrounds;stand your ground;stand your grounds
standard-of-living,standardofliving;standardoflivings;standard of living;standard of livings
start-out,startout;startouts;start out;start outs
status-symbol,statussymbol;statussymbols;status symbol;status symbols
stay-behind,staybehind;staybehinds;stay behind;stay behinds
stay-on,stayon;stayons;stay on;stay ons
stay-out,stayout;stayouts;stay out;stay outs
stay-over,stayover;stayovers;stay over;stay overs
stay-put,stayput;stayputs;stay put;stay puts
stay-up,stayup;stayups;stay up;stay ups
steering-wheel,steeringwheel;steeringwheels;steering wheel;steering wheels
step-by-step,stepbystep;stepbysteps;step by step;step by steps
step-down,stepdown;stepdowns;step down;step downs
stick-out,stickout;stickouts;stick out;stick outs
stick-together,sticktogether;sticktogethers;stick together;stick togethers
stiff-drink,stiffdrink;stiffdrinks;stiff drink;stiff drinks
stock-market,stockmarket;stockmarkets;stock market;stock markets
stop-at-nothing,stopatnothing;stopatnothings;stop at nothing;stop at nothings
stop-over,stopover;stopovers;stop over;stop overs
strangely-enough,strangelyenough;strangelyenoughs;strangely enough;strangely enoughs
strike-a-balance,strikeabalance;strikeabalances;strike a balance;strike a balances
strike-a-match,strikeamatch;strikeamatchs;strike a match;strike a matchs
strong-language,stronglanguage;stronglanguages;strong language;strong languages
such-as,suchas;suchass;such as;such ass
sure-enough,sureenough;sureenoughs;sure enough;sure enoughs
swallow-your-pride,swallowyourpride;swallowyourprides;swallow your pride;swallow your prides
swimming-pool,swimmingpool;swimmingpools;swimming pool;swimming pools
t-shirt,tshirt;tshirts;t shirt;t shirts
table-tennis,tabletennis;tabletenniss;table tennis;table tenniss
take-a-deep-breath,takeadeepbreath;takeadeepbreaths;take a deep breath;take a deep breaths
take-a-risk,takearisk;takearisks;take a risk;take a risks
take-an-exam,takeanexam;takeanexams;take an exam;take an exams
take-charge,takecharge;takecharges;take charge;take charges
take-control,takecontrol;takecontrols;take control;take controls
take-effect,takeeffect;takeeffects;take effect;take effects
take-it-for-granted,takeitforgranted;takeitforgranteds;take it for granted;take it for granteds
take-it-from-me,takeitfromme;takeitfrommes;take it from me;take it from mes
take-its-toll,takeitstoll;takeitstolls;take its toll;take its tolls
take-off,takeoff;takeoffs;take off;take offs
take-over,takeover;takeovers;take over;take overs
take-part,takepart;takeparts;take part;take parts
take-place,takeplace;takeplaces;take place;take places
take-shape,takeshape;takeshapes;take shape;take shapes
take-the-initiative,taketheinitiative;taketheinitiatives;take the initiative;take the initiatives
take-the-law-into-your-own-hands,takethelawintoyourownhands;takethelawintoyourownhandss;take the law into your own hands;take the law into your own handss
take-the-plunge,taketheplunge;taketheplunges;take the plunge;take the plunges
take-turns,taketurns;taketurnss;take turns;take turnss
take-your-breath-away,takeyourbreathaway;takeyourbreathaways;take your breath away;take your breath aways
take-your-time,takeyourtime;takeyourtimes;take your time;take your times
talk-show,talkshow;talkshows;talk show;talk shows
tell-the-difference,tellthedifference;tellthedifferences;tell the difference;tell the differences
test-results,testresults;testresultss;test results;test resultss
text-message,textmessage;textmessages;text message;text messages
thank-god,thankgod;thankgods;thank god;thank gods
thank-you,thankyou;thankyous;thank you;thank yous
that-kind-of-thing,thatkindofthing;thatkindofthings;that kind of thing;that kind of things
that-sort-of-thing,thatsortofthing;thatsortofthings;that sort of thing;that sort of things
the-air,theair;theairs;the air;the airs
the-army,thearmy;thearmys;the army;the armys
the-atmosphere,theatmosphere;theatmospheres;the atmosphere;the atmospheres
the-back,theback;thebacks;the back;the backs
the-basics,thebasics;thebasicss;the basics;the basicss
the-best,thebest;thebests;the best;the bests
the-blind,theblind;theblinds;the blind;the blinds
the-bottom-line,thebottomline;thebottomlines;the bottom line;the bottom lines
the-boys,theboys;theboyss;the boys;the boyss
the-bush,thebush;thebushs;the bush;the bushs
the-charts,thecharts;thechartss;the charts;the chartss
the-cold,thecold;thecolds;the cold;the colds
the-country,thecountry;thecountrys;the country;the countrys
the-crack-of-dawn,thecrackofdawn;thecrackofdawns;the crack of dawn;the crack of dawns
the-dark,thedark;thedarks;the dark;the darks
the-deceased,thedeceased;thedeceaseds;the deceased;the deceaseds
the-defense,thedefense;thedefenses;the defense;the defenses
the-dishes,thedishes;thedishess;the dishes;the dishess
the-east,theeast;theeasts;the east;the easts
the-elder,theelder;theelders;the elder;the elders
the-elderly,theelderly;theelderlys;the elderly;the elderlys
the-eldest,theeldest;theeldests;the eldest;the eldests
the-environment,theenvironment;theenvironments;the environment;the environments
the-extent-to-which,theextenttowhich;theextenttowhichs;the extent to which;the extent to whichs
the-first,thefirst;thefirsts;the first;the firsts
the-first-floor,thefirstfloor;thefirstfloors;the first floor;the first floors
the-first-person,thefirstperson;thefirstpersons;the first person;the first persons
the-following,thefollowing;thefollowings;the following;the followings
the-foreseeable-future,theforeseeablefuture;theforeseeablefutures;the foreseeable future;the foreseeable futures
the-former,theformer;theformers;the former;the formers
the-front,thefront;thefronts;the front;the fronts
the-future,thefuture;thefutures;the future;the futures
the-girls,thegirls;thegirlss;the girls;the girlss
the-globe,theglobe;theglobes;the globe;the globes
the-ground,theground;thegrounds;the ground;the grounds
the-ground-floor,thegroundfloor;thegroundfloors;the ground floor;the ground floors
the-headlines,theheadlines;theheadliness;the headlines;the headliness
the-hell,thehell;thehells;the hell;the hells
the-homeless,thehomeless;thehomelesss;the homeless;the homelesss
the-internet,theinternet;theinternets;the internet;the internets
the-labor-force,thelaborforce;thelaborforces;the labor force;the labor forces
the-labor-market,thelabormarket;thelabormarkets;the labor market;the labor markets
the-last,thelast;thelasts;the last;the lasts
the-last-minute,thelastminute;thelastminutes;the last minute;the last minutes
the-latter,thelatter;thelatters;the latter;the latters
the-law,thelaw;thelaws;the law;the laws
the-leadership,theleadership;theleaderships;the leadership;the leaderships
the-left,theleft;thelefts;the left;the lefts
the-main-thing,themainthing;themainthings;the main thing;the main things
the-matter,thematter;thematters;the matter;the matters
the-media,themedia;themedias;the media;the medias
the-middle,themiddle;themiddles;the middle;the middles
the-middle-class,themiddleclass;themiddleclasss;the middle class;the middle classs
the-military,themilitary;themilitarys;the military;the militarys
the-moon,themoon;themoons;the moon;the moons
the-movies,themovies;themoviess;the movies;the moviess
the-naked-eye,thenakedeye;thenakedeyes;the naked eye;the naked eyes
the-net,thenet;thenets;the net;the nets
the-news,thenews;thenewss;the news;the newss
the-next-best-thing,thenextbestthing;thenextbestthings;the next best thing;the next best things
the-next-thing-i-knew,thenextthingiknew;thenextthingiknews;the next thing i knew;the next thing i knews
the-norm,thenorm;thenorms;the norm;the norms
the-north,thenorth;thenorths;the north;the norths
the-odd,theodd;theodds;the odd;the odds
the-old-days,theolddays;theolddayss;the old days;the old dayss
the-opposite-sex,theoppositesex;theoppositesexs;the opposite sex;the opposite sexs
the-opposition,theopposition;theoppositions;the opposition;the oppositions
the-other-day,theotherday;theotherdays;the other day;the other days
the-other-way-around,theotherwayaround;theotherwayarounds;the other way around;the other way arounds
the-outside,theoutside;theoutsides;the outside;the outsides
the-passive,thepassive;thepassives;the passive;the passives
the-past,thepast;thepasts;the past;the pasts
the-people,thepeople;thepeoples;the people;the peoples
the-point,thepoint;thepoints;the point;the points
the-poor,thepoor;thepoors;the poor;the poors
the-present,thepresent;thepresents;the present;the presents
the-press,thepress;thepresss;the press;the presss
the-pros-and-cons,theprosandcons;theprosandconss;the pros and cons;the pros and conss
the-prosecution,theprosecution;theprosecutions;the prosecution;the prosecutions
the-public,thepublic;thepublics;the public;the publics
the-radio,theradio;theradios;the radio;the radios
the-ratings,theratings;theratingss;the ratings;the ratingss
the-rear,therear;therears;the rear;the rears
the-rest,therest;therests;the rest;the rests
the-rich,therich;therichs;the rich;the richs
the-right,theright;therights;the right;the rights
the-same,thesame;thesames;the same;the sames
the-same-thing,thesamething;thesamethings;the same thing;the same things
the-second-person,thesecondperson;thesecondpersons;the second person;the second persons
the-secret,thesecret;thesecrets;the secret;the secrets
the-sights,thesights;thesightss;the sights;the sightss
the-south,thesouth;thesouths;the south;the souths
the-spotlight,thespotlight;thespotlights;the spotlight;the spotlights
the-supernatural,thesupernatural;thesupernaturals;the supernatural;the supernaturals
the-third-person,thethirdperson;thethirdpersons;the third person;the third persons
the-throne,thethrone;thethrones;the throne;the thrones
the-top,thetop;thetops;the top;the tops
the-truth,thetruth;thetruths;the truth;the truths
the-turn-of-the-century,theturnofthecentury;theturnofthecenturys;the turn of the century;the turn of the centurys
the-unemployed,theunemployed;theunemployeds;the unemployed;the unemployeds
the-universe,theuniverse;theuniverses;the universe;the universes
the-upper-class,theupperclass;theupperclasss;the upper class;the upper classs
the-vote,thevote;thevotes;the vote;the votes
the-web,theweb;thewebs;the web;the webs
the-wee-hours,theweehours;theweehourss;the wee hours;the wee hourss
the-west,thewest;thewests;the west;the wests
the-wheel,thewheel;thewheels;the wheel;the wheels
the-whole-thing,thewholething;thewholethings;the whole thing;the whole things
the-working-class,theworkingclass;theworkingclasss;the working class;the working classs
the-young,theyoung;theyoungs;the young;the youngs
then-again,thenagain;thenagains;then again;then agains
these-days,thesedays;thesedayss;these days;these dayss
things-like-that,thingslikethat;thingslikethats;things like that;things like thats
think-ahead,thinkahead;thinkaheads;think ahead;think aheads
think-back,thinkback;thinkbacks;think back;think backs
think-twice,thinktwice;thinktwices;think twice;think twices
this-and-that,thisandthat;thisandthats;this and that;this and thats
thought-provoking,thoughtprovoking;thoughtprovokings;thought provoking;thought provokings
thread-a-needle,threadaneedle;threadaneedles;thread a needle;thread a needles
through-thick-and-thin,throughthickandthin;throughthickandthins;through thick and thin;through thick and thins
throw-caution-to-the-wind,throwcautiontothewind;throwcautiontothewinds;throw caution to the wind;throw caution to the winds
throw-in-the-towel,throwinthetowel;throwinthetowels;throw in the towel;throw in the towels
tie-the-knot,tietheknot;tietheknots;tie the knot;tie the knots
tighten-your-belt,tightenyourbelt;tightenyourbelts;tighten your belt;tighten your belts
time-after-time,timeaftertime;timeaftertimes;time after time;time after times
tin-can,tincan;tincans;tin can;tin cans
to-all-intents-and-purposes,toallintentsandpurposes;toallintentsandpurposess;to all intents and purposes;to all intents and purposess
to-be-honest,tobehonest;tobehonests;to be honest;to be honests
to-be-precise,tobeprecise;tobeprecises;to be precise;to be precises
to-begin-with,tobeginwith;tobeginwiths;to begin with;to begin withs
to-cap-it-off,tocapitoff;tocapitoffs;to cap it off;to cap it offs
to-date,todate;todates;to date;to dates
to-death,todeath;todeaths;to death;to deaths
to-do-so,todoso;todosos;to do so;to do sos
to-go,togo;togos;to go;to gos
to-make-a-long-story-short,tomakealongstoryshort;tomakealongstoryshorts;to make a long story short;to make a long story shorts
to-make-matters-worse,tomakemattersworse;tomakemattersworses;to make matters worse;to make matters worses
to-my-mind,tomymind;tomyminds;to my mind;to my minds
to-say-the-least,tosaytheleast;tosaytheleasts;to say the least;to say the leasts
to-spare,tospare;tospares;to spare;to spares
to-start-with,tostartwith;tostartwiths;to start with;to start withs
to-the-contrary,tothecontrary;tothecontrarys;to the contrary;to the contrarys
to-the-point,tothepoint;tothepoints;to the point;to the points
too-bad,toobad;toobads;too bad;too bads
tool-marks,toolmarks;toolmarkss;tool marks;tool markss
toss-and-turn,tossandturn;tossandturns;toss and turn;toss and turns
touch-and-go,touchandgo;touchandgos;touch and go;touch and gos
tour-guide,tourguide;tourguides;tour guide;tour guides
trace-evidence,traceevidence;traceevidences;trace evidence;trace evidences
traffic-jam,trafficjam;trafficjams;traffic jam;traffic jams
traffic-light,trafficlight;trafficlights;traffic light;traffic lights
trail-off,trailoff;trailoffs;trail off;trail offs
train-of-thought,trainofthought;trainofthoughts;train of thought;train of thoughts
travel-agent,travelagent;travelagents;travel agent;travel agents
trial-and-error,trialanderror;trialanderrors;trial and error;trial and errors
turn-of-events,turnofevents;turnofeventss;turn of events;turn of eventss
turn-out,turnout;turnouts;turn out;turn outs
turn-over-a-new-leaf,turnoveranewleaf;turnoveranewleafs;turn over a new leaf;turn over a new leafs
umbilical-cord,umbilicalcord;umbilicalcords;umbilical cord;umbilical cords
uncountable-noun,uncountablenoun;uncountablenouns;uncountable noun;uncountable nouns
under-control,undercontrol;undercontrols;under control;under controls
under-your-breath,underyourbreath;underyourbreaths;under your breath;under your breaths
under-your-nose,underyournose;underyournoses;under your nose;under your noses
unsure-of-yourself,unsureofyourself;unsureofyourselfs;unsure of yourself;unsure of yourselfs
up-and-down,upanddown;upanddowns;up and down;up and downs
up-to-a-point,uptoapoint;uptoapoints;up to a point;up to a points
up-to-date,uptodate;uptodates;up to date;up to dates
up-to-speed,uptospeed;uptospeeds;up to speed;up to speeds
upset-stomach,upsetstomach;upsetstomachs;upset stomach;upset stomachs
upside-down,upsidedown;upsidedowns;upside down;upside downs
urine-sample,urinesample;urinesamples;urine sample;urine samples
used-to,usedto;usedtos;used to;used tos
vanish-into-thin-air,vanishintothinair;vanishintothinairs;vanish into thin air;vanish into thin airs
vehicle-theft,vehicletheft;vehiclethefts;vehicle theft;vehicle thefts
very-much,verymuch;verymuchs;very much;very muchs
vice-versa,viceversa;viceversas;vice versa;vice versas
video-clip,videoclip;videoclips;video clip;video clips
video-game,videogame;videogames;video game;video games
virtual-reality,virtualreality;virtualrealitys;virtual reality;virtual realitys
vis--vis,visvis;visviss;vis  vis;vis  viss
visiting-hours,visitinghours;visitinghourss;visiting hours;visiting hourss
wait-a-minute,waitaminute;waitaminutes;wait a minute;wait a minutes
wait-a-moment,waitamoment;waitamoments;wait a moment;wait a moments
wait-and-see,waitandsee;waitandsees;wait and see;wait and sees
walk-the-dog,walkthedog;walkthedogs;walk the dog;walk the dogs
walkie-talkie,walkietalkie;walkietalkies;walkie talkie;walkie talkies
wash-up,washup;washups;wash up;wash ups
washing-machine,washingmachine;washingmachines;washing machine;washing machines
watch-out,watchout;watchouts;watch out;watch outs
wear-off,wearoff;wearoffs;wear off;wear offs
wear-thin,wearthin;wearthins;wear thin;wear thins
weather-forecast,weatherforecast;weatherforecasts;weather forecast;weather forecasts
web-page,webpage;webpages;web page;web pages
web-site,website;websites;web site;web sites
well-being,wellbeing;wellbeings;well being;well beings
what-with,whatwith;whatwiths;what with;what withs
whenever-possible,wheneverpossible;wheneverpossibles;whenever possible;whenever possibles
wherever-possible,whereverpossible;whereverpossibles;wherever possible;wherever possibles
will-have,willhave;willhaves;will have;will haves
with-a-heavy-heart,withaheavyheart;withaheavyhearts;with a heavy heart;with a heavy hearts
with-all-due-respect,withallduerespect;withallduerespects;with all due respect;with all due respects
with-all-your-heart,withallyourheart;withallyourhearts;with all your heart;with all your hearts
with-bated-breath,withbatedbreath;withbatedbreaths;with bated breath;with bated breaths
with-flying-colors,withflyingcolors;withflyingcolorss;with flying colors;with flying colorss
with-your-bare-hands,withyourbarehands;withyourbarehandss;with your bare hands;with your bare handss
without-delay,withoutdelay;withoutdelays;without delay;without delays
without-prejudice,withoutprejudice;withoutprejudices;without prejudice;without prejudices
word-for-word,wordforword;wordforwords;word for word;word for words
work-out,workout;workouts;work out;work outs
worse-and-worse,worseandworse;worseandworses;worse and worse;worse and worses
worst-of-all,worstofall;worstofalls;worst of all;worst of alls
would-appreciate,wouldappreciate;wouldappreciates;would appreciate;would appreciates
would-rather,wouldrather;wouldrathers;would rather;would rathers
would-sooner,wouldsooner;wouldsooners;would sooner;would sooners
x-ray,xray;xrays;x ray;x rays
yet-again,yetagain;yetagains;yet again;yet agains
you-know,youknow;youknows;you know;you knows
you-name-it,younameit;younameits;you name it;you name its
you-never-know,youneverknow;youneverknows;you never know;you never knows
you-see,yousee;yousees;you see;you sees
your-best-bet,yourbestbet;yourbestbets;your best bet;your best bets
your-elders,yourelders;yourelderss;your elders;your elderss
your-own-flesh-and-blood,yourownfleshandblood;yourownfleshandbloods;your own flesh and blood;your own flesh and bloods
your-world,yourworld;yourworlds;your world;your worlds
yours-sincerely,yourssincerely;yourssincerelys;yours sincerely;yours sincerelys
zoonotic-disease,zoonoticdisease;zoonoticdiseases;zoonotic disease;zoonotic diseases
