abide,abides,abided,abiding,abidings
aboard
absent,absents,absented,absenting,absentings
absorb,absorbs,absorbed,absorbing,absorbings
accent,accents,accented,accenting,accentings
acceptance,acceptances
accessible,accessibles
accessory,accessories
acclaim,acclaims,acclaimed,acclaiming,acclaimings
accommodate,accommodates,accommodated,accommodating,accommodatings
accomplishment,accomplishments
accordingly
accountant,accountants
accumulate,accumulates,accumulated,accumulating,accumulatings
accuracy,accuracies
accurately
accustom,accustoms,accustomed,accustoming,accustomings
activate,activates,activated,activating,activatings
actively
actress,actresses
adapter,adapters
additionally
adhere,adheres,adhered,adhering,adhereing,adhereings
adjacent,adjacents
administer,administers,administered,administering,administerings
administrative
administrator,administrators
admission,admissions
advancement,advancements
advertiser,advertisers
advisable,advisables
advisor,advisors
advisory,advisories
affirmative,affirmatives
affordable,affordables
afterward,afterwards
airfare,airfares
airplane,airplanes,aeroplane,aeroplanes
airport,airports
aisle,aisles
alert,alerts,alerted,alerting,alertings
alike
allergy,allergies
allocate,allocates,allocated,allocating,allocatings
alternate,alternates,alternated,alternating,alternatings
alternatively
amateur,amateurs
ambassador,ambassadors
ambitious
amenity,amenities
ample,ampler
amuse,amuses,amused,amusing,amusings
anew
anniversary,anniversaries
announcer,announcers
annoy,annoys,annoyed,annoying,annoyings
annually
antique,antiques,antiqued,antiquing,antiquings
anyhow
anytime
apology,apologies
appendix,appendices,appendixes
appetizer,appetizers
apple,apples
appliance,appliances
applicable,applicables
applicant,applicants
appraisal,appraisals
appreciation,appreciations
apprehensive
apprentice,apprentices,apprenticed,apprenticing,apprenticings
approximate,approximates,approximated,approximating,approximatings
arc,arcs,arced,arcing,arcings
architect,architects,architected,architecting,architectings
architectural,architecturals
archive,archives,archived,archiving,archivings
artistic,artistics
asleep
aspect,aspects
assemble,assembles,assembled,assembling,assemblings
assembly,assemblies
assignment,assignments
assurance,assurances
athletic,athletics
attain,attains,attained,attaining,attainings
attendant,attendants
attendee,attendees
attire,attires,attired,attiring,attirings
attorney,attorneys
auction,auctions,auctioned,auctioning,auctionings
audit,audits,audited,auditing,auditings
audition,auditions,auditioned,auditioning,auditionings
auditor,auditors
auditorium,auditoriums
authentic,authentics
authority,authorities
authorization,authorizations,authorisation,authorisations
authorize,authorizes,authorized,authorizing,authorise,authorises,authorised,authorising,authorisings
auto,autos
automate,automates,automated,automating,automatings
automatic,automatics
automobile,automobiles
automotive
availability,availabilities
await,awaits,awaited,awaiting,awaitings
backpack,backpacks,backpacked,backpacking,backpackings
bacteria
badge,badges,badged,badging,badgings
baggage,baggages
bake,bakes,baked,baking,bakings
baker,bakers
bakery,bakeries
balcony,balconies
balloon,balloons,ballooned,ballooning,balloonings
ballroom,ballrooms
banker,bankers
bankrupt,bankrupts,bankrupted,bankrupting,bankruptings
bankruptcy,bankruptcies
banquet,banquets,banquetted,banqueting,banquetings
barbecue,barbecues,barbecued,barbecuing,barbecuings,barbeque,barbeques,barbequed,barbequing,barbequings,bbq
bargain,bargains,bargained,bargaining,bargainings
baseball,baseballs
basement,basements
basket,baskets
basketball,basketballs
bathroom,bathrooms
battery,batteries
bean,beans
beforehand
beginner,beginners
behalf
bench,benches,benched,benching,benchings
beneficial,beneficials
beverage,beverages
bicycle,bicycles,bicycled,bicycling,bicyclings
biography,biographies
biology,biologies
birthday,birthdays
blanket,blankets,blanketed,blanketing,blanketings
blueprint,blueprints
boardroom,boardrooms
bonus,bonuses
bookcase,bookcases
booklet,booklets
bookstore,bookstores
booth,booths
born,borns,borned,borning,bornings
bound,bounds,bounded,bounding,boundings
brainstorm,brainstorms,brainstormed,brainstorming,brainstormings
brake,brakes,braked,braking,brakings
briefcase,briefcases
broaden,broadens,broadened,broadening,broadenings
brochure,brochures
broker,brokers,brokered,brokering,brokerings
broom,brooms
browse,browses,browsed,browsing,browsings
buffet,buffets,buffetted,buffetting,buffettings,buffeted,buffeting,buffetings
bug,bugs,bugged,bugging,buggings
bulb,bulbs,bulbed
bulk,bulks,bulked,bulking,bulkings
bulletin,bulletins
businessman,businessmen
businessperson,businesspersons,businesspeople
butter,butters,buttered,buttering,butterings
bye,Bye,BYE
by-law,by-laws,by law,by laws
cab,cabs,cabbed,cabbing,cabbings
cabin,cabins
cabinet,cabinets
café,cafés,cafe,cafes
cafeteria,cafeterias
cage,cages,caged,caging,cagings
calculation,calculations
calculator,calculators
calendar,calendars
caller,callers
campus,campuses
cancellation,cancellations
candidate,candidates
candy,candies,candied,candying,candyings
captain,captains,captained,captaining,capt,Captain,Captains,Capt
careless
cargo,cargoes,cargos
carpenter,carpenters,carpentered,carpentering,carpenterings
carrier,carriers
cart,carts,carted,carting,cartings
carton,cartons
cartridge,cartridges
cashier,cashiers,cashiered,cashiering,cashierings
casual,casualer,casualest,casuals
cater,caters,catered,catering,caterings
caterer,caterers
caution,cautions,cautioned,cautioning,cautionings
cautious
ceiling,ceilings,ceilinged
celebrity,celebrities
cellphone,cellphones,cell phone,cell phones
centimeter,centimeters,centimetre,centimetres
certificate,certificates,certificated,certificating,certificatings
certification,certifications
certify,certifies,certified,certifying,certifyings
chairperson,chairpersons
charitable,charitables
checkout,checkouts
checkup,checkups
cheer,cheers,cheered,cheering,cheerings
cheeseburger,cheeseburgers
chef,chefs
chemistry,chemistries
chilly,chillier,chilliest
chronic,chronics
cinema,cinemas
circuit,circuits,circuited,circuiting,circuitings
circulate,circulates,circulated,circulating,circulatings
circulation,circulations
circus,circuses
clap,claps,clapped,clapping,clappings
clarify,clarifies,clarified,clarifying,clarifyings
classify,classifies,classified,classifying,classifyings
classmate,classmates
cleaner,cleaners,cleanest
cleanliness
clerk,clerks
click,clicks,clicked,clicking,clickings
client,clients
clinic,clinics
clip,clips,clipped,clipping,clippings
closet,closets,closeted,closetting,closettings
closure,closures
cloth,cloths
cloudy,cloudier,cloudiest
clue,clues,clued,cluing,cluings
collaboration,collaborations
collector,collectors
colorful,colourful
comb,combs,combed,combing,combings
comfortably
commerce,commerces
commonly
commute,commutes,commuted,commuting,commutings
commuter,commuters
compact,compacts,compacted,compacting,compacter
compartment,compartments,compartmented
compatible,compatibles
compensate,compensates,compensated,compensating,compensatings
compile,compiles,compiled,compiling,compilings
completion,completions
compliance,compliances
complication,complications
compliment,compliments,complimented,complimenting,complimentings
complimentary
comply,complies,complied,complying,complyings
comprehension
concierge,concierges
conditioner,conditioners
condominium,condominiums
conductor,conductors
conference,conferences,conferencing,conferencings
confidential,confidentials
confirmation,confirmations
conform,conforms,conformed,conforming,conformings
congestion,congestions
congratulate,congratulates,congratulated,congratulating,congratulatings
congratulation,congratulations
consecutive
consent,consents,consented,consenting,consentings
considerably
considerate
consignment,consignments
consistently
consultation,consultations
consumption,consumptions
container,containers
contestant,contestants
continental,continentals
contraction,contractions
contractor,contractors
contradict,contradicts,contradicted,contradicting,contradictings
contradiction,contradictions
contrary,contraries
convenience,conveniences
convenient,convenienter,convenientest
conveniently
convey,conveys,conveyed,conveying,conveyings
cookbook,cookbooks
cookie,cookies
cooler,coolers
cooperate,cooperates,cooperated,cooperating,cooperatings
coordinate,coordinates,coordinated,coordinating,coordinatings
coordinator,coordinators
copier,copiers
copyright,copyrights,copyrighted,copyrighting,copyrightings
cord,cords,corded,cording,cordings
cordless
correction,corrections
correctly
correspondence,correspondences
cosmetic,cosmetics
costly,costlier,costliest
costume,costumes,costumed,costuming,costumings
counselor,counselors,counsellor,counsellors
countryside,countrysides
coupon,coupons
courier,couriers,couriered,couriering,courierings
courtesy,courtesies
coworker,coworkers
crane,cranes,craned,craning,cranings
creativity
criteria
cruise,cruises,cruised,cruising,cruisings
culinary
cumulative
cushion,cushions,cushioned,cushioning,cushionings
customize,customizes,customized,customizing,customise,customises,customised,customising,customisings
daytime,daytimes
deadline,deadlines
dealership,dealerships
debit,debits,debited,debiting,debitings
deck,decks,decked,decking,deckings
decorate,decorates,decorated,decorating,decoratings
decoration,decorations
dedication,dedications
deduct,deducts,deducted,deducting,deductings
deduction,deductions
defect,defects,defected,defecting,defectings
defective
definite
delegate,delegates,delegated,delegating,delegatings
delete,deletes,deleted,deleting,deletings
delicate
delicious
deluxe
demolish,demolishes,demolished,demolishing,demolishings
dental,dentals
dentist,dentists
depart,departs,departed,departing,departings
departmental,departmentals
departure,departures
dependable,dependables
dependence,dependences
descriptive
designate,designates,designated,designating,designatings
desirable,desirables
desktop,desktops
desperate
dessert,desserts
destination,destinations
detach,detaches,detached,detaching,detachings
deteriorate,deteriorates,deteriorated,deteriorating,deterioratings
devastate,devastates,devastated,devastating,devastatings
developer,developers
diagnose,diagnoses,diagnosed,diagnosing,diagnosings
diagnostic,diagnostics
diagram,diagrams,diagrammed,diagramming,diagrammings
dial,dials,dialed,dialing,diall,dialls,dialled,dialling,diallings
diamond,diamonds
dine,dines,dined,dining,dinings
diner,diners
diploma,diplomas
directory,directories
disable,disables,disabled,disabling,disablings
disagreement,disagreements
disappointment,disappointments
discard,discards,discarded,discarding,discardings
disconnect,disconnects,disconnected,disconnecting,disconnectings
discontinue,discontinues,discontinued,discontinuing,discontinuings
discrepancy,discrepancies
disgust,disgusts,disgusted,disgusting,disgustings
dishwasher,dishwashers
dislike,dislikes,disliked,disliking,dislikings
dispatch,dispatches,dispatched,dispatching,despatch,despatches,despatched,despatching,despatchings
disposal,disposals
dispose,disposes,disposed,disposing,disposings
disrupt,disrupts,disrupted,disrupting,disruptings
disruption,disruptions
dissatisfy,dissatisfied,dissatisfies,dissatisfying,dissatisfyings
distract,distracts,distracted,distracting,distractings
distraction,distractions
distractor,distractors,distracter,distracters
distribution,distributions
distributor,distributors
dive,dives,diving,dived
dividend,dividends
dock,docks,docked,docking,dockings
documentary,documentaries
documentation,documentations
donate,donates,donated,donating,donatings
donation,donations
donut,donuts,doughnuts,doughnut
doorman,doormen
dose,doses,dosed,dosing,dosings
download,downloads,downloaded,downloading,downloadings
downsize,downsizes,downsized,downsizing,downsizings
downstairs
downtown,downtowner
downturn,downturns
drastically
drawback,drawbacks
drawer,drawers
drill,drills,drilled,drilling,drillings
drought,droughts
drum,drums,drummed,drumming,drummings
dull,dulls,dulled,dulling,duller,dullest
duplicate,duplicates,duplicated,duplicating,duplicatings
durable,durables
duration,durations
dynamic,dynamics
eager
earthquake,earthquakes
e-book,e-books,e book,e books,ebook,ebooks
economical,economicals
economically
economist,economists
economize,economizes,economized,economizing,economise,economises,economised,economising,economisings
editorial,editorials
effectiveness
efficiently
electrical,electricals
electrician,electricians
electronically
elegant
elephant,elephants
elevate,elevates,elevated,elevating,elevatings
elevator,elevators
eligible,eligibles
embassy,embassies
embed,embeds,embedded,embedding,embeddings
enclose,encloses,enclosed,enclosing,enclosings
energetic,energetics
engagement,engagements
enjoyable,enjoyables
enroll,enrolls,enrolled,enrolling,enrol,enrols
enrollment,enrollments,enrolments,enrolment
enthusiasm,enthusiasms
enthusiast,enthusiasts
enthusiastic,enthusiastics
enthusiastically
entrée,entrées,entree,entrees
entrepreneur,entrepreneurs
environmentally
equip,equips,equipped,equipping,equippings
erase,erases,erased,erasing,erasings
escalator,escalators
escort,escorts,escorted,escorting,escortings
ethics,ethic
euro,euros
evacuate,evacuates,evacuated,evacuating,evacuatings
evenly
evident,evidents
excellence,excellences
exceptional,exceptionals
excessive
exclusive,exclusives
exclusively
excursion,excursions
exemption,exemptions
exit,exits,exited,exiting,exitings
exotic,exotics
expedite,expedited
expertise,expertises
expiration
expire,expires,expired,expiring,expirings
explanatory
explorer,explorers
extinguisher,extinguishers
fabric,fabrics
facilitate,facilitates,facilitated,facilitating,facilitatings
factual,factuals
faculty,faculties
familiarity,familiarities
familiarize,familiarizes,familiarized,familiarizing,familiarise,familiarises,familiarised,familiarising,familiarisings
fare,fares,fared,faring,farings
farewell,farewells
fasten,fastens,fastened,fastening,fastenings
fatigue,fatigues,fatigued,fatiguing,fatiguings
faulty
favorable,favourable
fax,faxes,faxed,faxing,faxings
feedback,feedbacks
ferry,ferries,ferried,ferrying,ferryings
finalize,finalizes,finalized,finalizing,finalise,finalises,finalised,finalising,finalisings
firefighter,firefighters
firework,fireworks
fiscal,fiscals
fitness,fitnesses
fixture,fixtures
flavor,flavors,flavored,flavoring,flavorings,flavour,flavoured,flavouring,flavours,flavorings,flavourings
flaw,flaws,flawed
fleet,fleets,fleeted,fleeting,fleetings,fleeter,fleetest
flexibility,flexibilities
flextime
flour,flours,floured,flouring,flourings
flu
fluctuate,fluctuates,fluctuated,fluctuating,fluctuatings
fluent
flyer,flyers
fog,fogs,fogged,fogging,foggings
folder,folders
footwear,footwears
forbid,forbids,forbade,forbidding,forbidden
foreman,foremen,foremans
fork,forks,forked,forking,forkings
formally
fortunately
forum,forums,fora
foster,fosters,fostered,fostering,fosterings
founder,founders,foundered,foundering,founderings
fountain,fountains,fountained,fountaining,fountainings
franchise,franchises,franchised,franchising,franchisings
freelance,freelances,freelanced,freelancing,freelancings
freight,freights,freighted,freighting,freightings
freighter,freighters
frustrate,frustrates,frustrated,frustrating,frustratings
fry,fries,fried,frying,fryings
fundraise,fundraises,fundraised,fundraising,fundraisings
furnish,furnishes,furnished,furnishing,furnishings
gallon,gallons
garage,garages,garaged,garaging,garagings
garbage,garbages
gardener,gardeners
garment,garments
gasoline,gasolines
generalization,generalizations,generalisation,generalisations
generator,generators
generic,generics
generous
genre,genres
getaway,getaways
glove,gloves,gloved
goods
gossip,gossips,gossiped,gossiping,gossipings
graduation,graduations
gram,grams
graph,graphs,graphed,graphing,graphings
graphic
graphics,graphicses
grill,grills,grilled,grilling,grille,grilles
grocery,groceries
guidance,guidances
gum,gums,gummed,gumming,gummings
gym,gyms
gymnasium,gymnasiums
habitual,habituals
hacker,hackers
hallway,hallways
hamburger,hamburgers
handbook,handbooks
handy,handier,handiest
hardware
hardworking,hardworkings
harmful
hazard,hazards,hazarded,hazarding,hazardings
hazardous
headache,headaches
headphone,headphones
headquarter,headquarters,headquartered,headquartering,headquarterings
healthcare
healthful
heater,heaters
helmet,helmets,helmeted,helmeting,helmetings
hereby
hesitant
hesitation,hesitations
highway,highways
hike,hikes,hiked,hiking,hikings
hiker,hikers
hobby,hobbies
homeless
homemade,homemades
homeowner,homeowners
homework,homeworks
honestly
hospitality,hospitalities
hotline,hotlines
hourly
housekeep,housekeeps,housekept,housekeeping,housekeepings
housekeeper,housekeepers
humidity,humidities
hungry,hungrier,hungriest
hurricane,hurricanes
hygiene
ice cream,ice creams,ice-cream,ice-creams
icy,icier
ideally
identification,identifications
illogical,illogicals
immigration,immigrations
impact,impacts,impacted,impacting,impactings
impatient
imperative,imperatives
inappropriate
inclusive
incoming,incomings
incomplete
inconvenience,inconveniences,inconvenienced,inconveniencing,inconveniencings
incur,incurs,incurred,incurring,incurrings
indicator,indicators
indirect,indirects
individually
indoor,indoors
induction,inductions
inefficient
inexpensive
inexperience,inexperienced
infer,infers,inferred,inferring,inferrings
inference,inferences
inflate,inflates,inflated,inflating,inflatings
influential,influentials
informal,informals
informative
ingredient,ingredients
ink,inks,inked,inking,inkings
innovative
inquire,inquires,inquired,inquiring,inquirings
insert,inserts,inserted,inserting,insertings
inspect,inspects,inspected,inspecting,inspectings
inspection,inspections
inspector,inspectors
inspiration,inspirations
installation,installations
institute,institutes,instituted,instituting,institutings
instruct,instructs,instructed,instructing,instructings
instructor,instructors
insufficient
integral,integrals
intently
interactive
interfere,interferes,interfered,interfering,interferings
intern,interns,interned,interning,internings
internationally
internet,internets
internship,internships
interpreter,interpreters
interrupt,interrupts,interrupted,interrupting,interruptings
intersection,intersections
intonation,intonations
introductory
invaluable,invaluables
invention,inventions
inventory,inventories
invoice,invoices,invoiced,invoicing,invoicings
irregular,irregulars
irrelevant
irritate,irritates,irritated,irritating,irritatings
itinerary,itineraries
jam,jams,jammed,jamming,jammings
jazz,jazzes,jazzed,jazzing,jazzings
jeans,jean
jet,jets,jetted,jetting,jettings
jewelry,jewellery,jewelery
jog,jogs,jogged,jogging,joggings
journalism
juice,juices,juiced,juiceing,juiceings
junior,juniors
junk,junks,junked,junking,junkings
keyboard,keyboards,keyboarded,keyboarding,keyboardings
kilogram,kilograms
kilometer,kilometers,kilometres,kilometre
kit,kits,kitted,kiting,kitings
knowledgeable,knowledgeables
lab,labs
ladder,ladders,laddered,laddering,ladderings
lamp,lamps
landlord,landlords
lane,lanes
laptop,laptops
lately
laundry,laundries
lawn,lawns
layoff,layoffs
layout,layouts
leak,leaks,leaked,leaking,leakings
lease,leases,leased,leasing,leasings
lecturer,lecturers
leisure,leisures
lengthy,lengthier,lengthiest
letterhead,letterheads
librarian,librarians
lifeguard,lifeguards
lifestyle,lifestyles
lifetime,lifetimes
lighter,lighters
lightweight,lightweights
likewise
liter,liters,litres,litre
lobby,lobbies,lobbied,lobbying,lobbyings
locally
locker,lockers
logical,logicals
login,logins,log in,logs in,logged in,logging in,loggings in
logo,logos
loudly
lounge,lounges,lounged,lounging,loungings
loyal,loyals
loyalty,loyalties
luggage,luggages
luncheon,luncheons
lunchtime,lunchtimes
ma'am,ma'ams
machinery,machineries
malfunction,malfunctions,malfunctioned,malfunctioning,malfunctionings
mall,malls
managerial,managerials
mandatory
manual,manuals
mask,masks,masked,masking,maskings
massage,massages,massaged,massaging,massagings
maximize,maximizes,maximized,maximizing,maximise,maximises,maximised,maximising,maximisings
meaningful
meantime
mechanic,mechanics
mechanical,mechanicals
media
medication,medications
memo,memos
memorandum,memorandums,memoranda
memorize,memorizes,memorized,memorizing,memorise,memorises,memorised,memorising,memorisings
mentor,mentors,mentored,mentoring,mentorings
merchandise,merchandises,merchandised,merchandising,merchandisings,merchandize,merchandizes,merchandized,merchandizing,merchandizings
merchant,merchants
merge,merges,merged,merging,mergings
merger,mergers
merit,merits,merited,meriting,meritings
messenger,messengers
microphone,microphones
microscope,microscopes
microwave,microwaves,microwaved,microwaving,microwavings
midnight,midnights
mild,milder,mildest
mileage,mileages
mineral,minerals
mini
minimize,minimizes,minimized,minimizing,minimise,minimises,minimised,minimising,minimisings
misidentify,misidentifies,misidentified,misidentifying,misidentifyings
mislead,misleads,misled,misleading,misleadings
misplace,misplaces,misplaced,misplacing,misplacings
mister,misters,mr,Mister,Misters,Mr
modem,modems
modification,modifications
monument,monuments
morale,morales
mosquito,mosquitos,mosquitoe,mosquitoes
motorcycle,motorcycles
mower,mowers
nail,nails,nailed,nailing,nailings
nap,naps,napped,napping,nappings
nationwide,nationwides
neat,neater,neatest
necessity,necessities
necklace,necklaces,necklaced,necklacing,necklacings
needy,needier,neediest
newsletter,newsletters
newsstand,newsstands
noisy,noisier,noisiest
nominate,nominates,nominated,nominating,nominatings
nomination,nominations
noon,noons
notify,notifies,notified,notifying,notifyings
nutrition
obligate,obligated,obligating,obligates
oblige,obliges,obliged,obliging,obligings
obtain,obtains,obtained,obtaining,obtainings
occupancy,occupancies
occupant,occupants
occupation,occupations
occurrence,occurrences
o'clock,o'clocks,o clock,o clocks,oclock,oclocks
officially
omit,omits,omited,omitting,omitted
ongoing,ongoings
operational,operationals
opt,opts,opted,opting,optings
optimistic,optimistics
optional,optionals
orchestra,orchestras
organizational,organisational
organizer,organizers,organiser,organisers
orientation,orientations
outage,outages
outdate,outdates,outdated,outdating,outdatings
outdoor,outdoors
outfit,outfits,outfitted,outfitting,outfittings
outlet,outlets
outlook,outlooks
outstanding,outstandings
oval,ovals
oven,ovens
overcharge,overcharges,overcharged,overcharging,overchargings
overcrowd,overcrowds,overcrowded,overcrowding,overcrowdings
overdue
overhead,overheads
overlook,overlooks,overlooked,overlooking,overlookings
overnight,overnights,overnighted,overnighting,overnightings
overpay,overpaid,overpaying,overpays
oversee,oversees,oversaw,overseen,overseeing,overseeings
overtime
overview,overviews,overviewed,overviewing,overviewings
packet,packets
pad,pads,padded,padding,paddings
painter,painters
pamphlet,pamphlets
pan,pans,panned,panning,pannings
pant,pants,panted,panting,pantings
paperback,paperbacks
paperwork,paperworks
parade,parades,paraded,parading,paradings
paralegal,paralegals
paraphrase,paraphrases,paraphrased,paraphrasing,paraphrasings
parcel,parcels,parceled,parceling,parcelings,parcelled,parcelling,parcellings
partial,partials
partially
passport,passports
password,passwords
pasta,pastas
pastry,pastries
patent,patents,patented,patenting,patentings
patience,patiences
patron,patrons
payable,payables
paycheck,paychecks
payroll,payrolls
pedestrian,pedestrians
penalize,penalizes,penalized,penalizing,penalise,penalises,penalised,penalising,penalisings
pepper,peppers,peppered,peppering,pepperings
performer,performers
periodical,periodicals
periodically
permanently
personalize,personalizes,personalized,personalizing,personalise,personalises,personalised,personalising,personalisings
pet,pets,petted,petting,pettings
petition,petitions,petitioned,petitioning,petitionings
pharmaceutical,pharmaceuticals
pharmacist,pharmacists
pharmacy,pharmacies
photocopier,photocopiers
photocopy,photocopies,photocopied,photocopying,photocopyings
photographer,photographers
photography,photographies
physician,physicians
physics
picnic,picnics,picnicked,picnicking,picnickings
pie,pies
pill,pills,pilled,pilling,pillings
pillow,pillows,pillowed,pillowing,pillowings
pizza,pizzas
placement,placements
planner,planners
plausible,plausibles
plow,plows,plowed,plowing,plough,ploughed,ploughing,ploughs,ploughings
plug,plugs,plugged,plugging,pluggings
plumber,plumbers
pole,poles,poled,poling,polings
polish,polishes,polished,polishing,polishings
polite,politer,politest
pollute,pollutes,polluted,polluting,pollutings
poorly
popcorn
popularity
portable,portables
portfolio,portfolios
postage,postages
postal,postals
postcard,postcards
poster,posters
postpone,postpones,postponed,postponing,postponings
pottery,potteries
precede,precedes,preceded,preceding,precedings
prediction,predictions
preliminary,preliminaries
premium,premiums
prescribe,prescribes,prescribed,prescribing,prescribings
prescription,prescriptions
presenter,presenters
prestigious
preview,previews,previewed,previewing,previewings
probable,probables
productive
productivity,productivities
professionally
proficiency,proficiencies
profitable,profitables
programmer,programmers,programer,programers
prohibit,prohibits,prohibited,prohibiting,prohibitings
projection,projections
projector,projectors
prominent
promotional,promotionals
promptly
proofread,proofreads,proofreaded,proofreading,proofreadings
prospective
protective
provider,providers
publicity,publicities
publicize,publicizes,publicized,publicizing,publicise,publicises,publicised,publicising,publicisings
publish,publishes,published,publishing,publishings
punctual,punctuals
purchaser,purchasers
purse,purses,pursed,pursing,pursings
purser,pursers
puzzle,puzzles,puzzled,puzzling,puzzlings
quarterly
query,queries,queried,querying,queryings
questionnaire,questionnaires
quit,quits,quitted,quitting,quited,quiting,quitings
rack,racks,racked,racking,rackings
railway,railways
raincoat,raincoats
rainfall,rainfalls
rainy,rainier,rainiest
ray,rays,rayed,raying,rayings
realistic,realistics
realtor,realtors
rearrange,rearranges,rearranged,rearranging,rearrangings
reassure,reassures,reassured,reassuring,reassurings
rebate,rebates,rebated,rebating,rebatings
receipt,receipts,receipted,receipting,receiptings
reception,receptions
receptionist,receptionists
recession,recessions
recipe,recipes
recipient,recipients
reconsider,reconsiders,reconsidered,reconsidering,reconsiderings
recreation,recreations
recreational,recreationals
recruiter,recruiters
recruitment,recruitments
recur,recurs,recurred,recurring,recurrings
recycle,recycles,recycled,recycling,recyclings
redecorate,redecorates,redecorated,redecorating,redecoratings
redesign,redesigns,redesigned,redesigning,redesignings
referee,referees,refereed,refereeing,refereeings
referral,referrals
refinery,refineries
reflexive,reflexives
refresh,refreshes,refreshed,refreshing,refreshings
refreshment,refreshments
refrigerator,refrigerators
refund,refunds,refunded,refunding,refundings
refundable,refundables
rehearsal,rehearsals
rehearse,rehearses,rehearsed,rehearsing,rehearsings
reimburse,reimburses,reimbursed,reimbursing,reimbursings
reimbursement,reimbursements
reinforce,reinforces,reinforced,reinforcing,reinforcings
relaxation,relaxations
reliability,reliabilities
relieve,relieves,relieved,relieving,relievings
relocate,relocates,relocated,relocating,relocatings
relocation,relocations
reluctant
remainder,remainders,remaindered,remaindering,remainderings
reminder,reminders
remodel,remodels,remodeled,remodeling,remodelled,remodelling,remodellings
removal,removals
renew,renews,renewed,renewing,renewings
renewal,renewals
renovate,renovates,renovated,renovating,renovatings
renovation,renovations
renown,renowned
rental,rentals
renter,renters
reopen,reopens,reopened,reopening,reopenings
repairperson
repeatedly
repetition,repetitions
replacement,replacements
reproduce,reproduces,reproduced,reproducing,reproducings
reschedule,reschedules,rescheduled,rescheduling,reschedulings
resemble,resembles,resembled,resembling,resemblings
reservation,reservations
residence,residences
residential,residentials
resignation,resignations
respondent,respondents
restatement,restatements
restroom,restrooms
résumé,résumés,resumé,resumés
resume,resumes,resumed,resuming,resumings
retailer,retailers
retreat,retreats,retreated,retreating,retreatings
retrieve,retrieves,retrieved,retrieving,retrievings
reunion,reunions
reviewer,reviewers
revision,revisions
revolutionize,revolutionizes,revolutionized,revolutionizing,revolutionise,revolutionises,revolutionised,revolutionising,revolutionisings
rewrite,rewrites,rewrote,rewritten,rewrited,rewriting,rewrit
rider,riders
rose,roses
rubber,rubbers
rug,rugs
rumor,rumors,rumored,rumoring,rumour,rumours,rumoured,rumouring,rumourings
runner,runners
safely
salad,salads
salesman,salesmen
salespeople
salesperson,salespersons
salon,salons
sandwich,sandwiches,sandwiched,sandwiching,sandwichings
satellite,satellites
satisfactory
sauna,saunas
scarf,scarves,scarfs
scenery,sceneries
scholarship,scholarships
sculpture,sculptures,sculptured,sculpturing,sculpturings
seafood,seafoods
seaside,seasides
seasonal,seasonals
sedan,sedans
seeker,seekers
seldom
seller,sellers
semester,semesters
seminar,seminars
sender,senders
separately
serial,serials
sew,sews,sewed,sewing,sewn
sewer,sewers
sharply
shipment,shipments
shopper,shoppers
shortage,shortages
shorten,shortens,shortened,shortening,shortenings
shortly
showroom,showrooms
shuttle,shuttles,shuttled,shuttling,shuttlings
sidewalk,sidewalks
sightsee,sightsees,sightseeing,sightsaw,sightseen,sightseeings
signature,signatures
signify,signifies,signified,signifying,signifyings
silently
similarity,similarities
simplify,simplifies,simplified,simplifying,simplifyings
sincerely
skate,skates,skated,skating,skatings
skateboard,skateboards,skateboarded,skateboarding,skateboardings
sketch,sketches,sketched,sketching,sketchings
skim,skims,skimmed,skimming,skimmings
sleepy,sleepier
sleeve,sleeves,sleeved,sleeving,sleevings
slot,slots,slotted,slotting,slottings
smartphone,smartphones,smartphoned,smartphoning,smartphonings
smoothly
snack,snacks,snacked,snacking,snackings
snowy,snowiest
soap,soaps,soaped,soaping,soapings
soar,soars,soared,soaring,soarings
soccer,soccers
sock,socks,socked,socking,sockings
sofa,sofas
solar,solars
someday,somedays
sometime,sometimes
soup,soups,souped,souping,soupings
spa,spas
spacious
spam,spams,spammed,spamming,spammings
specially
specialty,specialties
specification,specifications
spectator,spectators
spill,spills,spilled,spilling,spilt,spillings
spite
spokesperson,spokespersons,spokespeople
spouse,spouses
spray,sprays,sprayed,spraying,sprayings
spreadsheet,spreadsheets
stack,stacks,stacked,stacking,stackings
stadium,stadiums
staple,staples,stapled,stapling,staplings
stapler,staplers
stationery
statistics
statue,statues
steadily
steak,steaks
steer,steers,steered,steering,steerings
stereo,stereos
sticker,stickers
stimulus,stimuli
stockbroker,stockbrokers
stockholder,stockholders
storeroom,storerooms
strategic
streamline,streamlines,streamlined,streamlining,streamlinings
strictly
stripe,stripes,striped,striping,stripings
submission,submissions
subscribe,subscribes,subscribed,subscribing,subscribings
subscriber,subscribers
subscription,subscriptions
subsidize,subsidizes,subsidized,subsidizing,subsidise,subsidises,subsidised,subsidising,subsidisings
substantially
subtract,subtracts,subtracted,subtracting,subtractings
suburb,suburbs
subway,subways
sue,sues,sued,suing,sueing,sueings
suitcase,suitcases
suite,suites
sunny,sunnier,sunniest
sunscreen,sunscreens
sunshine
superb
superior,superiors
supermarket,supermarkets
supervise,supervises,supervised,supervising,supervize,supervizes,supervized,supervizing,supervizings
supervisor,supervisors
surf,surfs,surfed,surfing,surfings
suspicious
sweater,sweaters
tablecloth,tablecloths
tablet,tablets
tactic,tactics
tag,tags,tagged,tagging,taggings
tailor,tailors,tailored,tailoring,tailorings
takeover,takeovers
taker,takers
tasty,tastier,tastiest
tech,techs
technician,technicians
teen,teens
telecommunication,telecommunications
teller,tellers
temporarily
tempt,tempts,tempted,tempting,temptings
tenant,tenants,tenanted,tenanting,tenantings
terminal,terminals
terminate,terminates,terminated,terminating,terminatings
termination,terminations
terrific,terrifics
textbook,textbooks
theft,thefts
thirsty,thirstier,thirstiest
thorough
thoroughly
thrill,thrills,thrilled,thrilling,thril
thunderstorm,thunderstorms
tidy,tidies,tidied,tidyed,tidying,tidier,tidiest
tile,tiles,tiled,tiling,tilings
timeline,timelines
timely
timer,timers
timetable,timetables,timetabled,timetabling,timetablings
toiletry,toiletries
toll,tolls,tolled,tolling,tollings
tomato,tomatoes
ton,tons
toner,toners
tow,tows,towed,towing,towings
towel,towels,towelled,towelling,towellings
trademark,trademarks
traditionally
trainee,trainees
trainer,trainers
transaction,transactions
transit,transits,transited,transiting,transitings
translation,translations
translator,translators
transmission,transmissions
transmit,transmits,transmitted,transmitting,transmittings
trash,trashes,trashed,trashing,trashings
traveler,travelers,traveller,travellers
tray,trays
tremendous
tropical,tropicals
tuition,tuitions
tuna,tunas
tunnel,tunnels,tunneled,tunneling,tunnelings,tunnelled,tunnelling,tunnellings
turnover,turnovers
umbrella,umbrellas
unattended
unauthorize,unauthorizes,unauthorized,unauthorizing,unauthorizings,unauthorise,unauthorised,unauthorising
unavailable,unavailables
uncomfortable,uncomfortables
underground
underline,underlines,underlined,underlining,underlinings
underway,underways
unemployed
unexpected,unexpecting,unexpectings
unfamiliar,unfamiliars
unhappy,unhappier,unhappiest
unlimited
unload,unloads,unloaded,unloading,unloadings
unnecessary
unpaid
unpleasant
unplug,unplugs,unpluged,unpluging,unplugings,unplugged,unplugging,unpluggings
unreal,unreals
unreliable,unreliables
unspecified
unsure
unused
unusually
upcoming,upcomings
upgrade,upgrades,upgraded,upgrading,upgradings
upstairs
urgent,urgentest
urgently
usage,usages
utility,utilities
vacancy,vacancies
vacant,vacants
vacate,vacates,vacated,vacating,vacatings
vacation,vacations,vacationed,vacationing,vacationings
vacuum,vacuums,vacuumed,vacuuming,vacuumings
valid
validate,validates,validated,validating,validatings
vanilla
vase,vases
vegetarian,vegetarians
vend,vends,vended,vending,vendings
vendor,vendors
venue,venues
verbal,verbals
verify,verifies,verified,verifying,verifyings
videoconference,videoconferences,videoconferenced,videoconferencing,videoconferencings
violate,violates,violated,violating,violatings
violation,violations
violin,violins
visa,visas
vitamin,vitamins
volleyball,volleyballs
voucher,vouchers
waiter,waiters
waitress,waitresses,waitressed,waitressing,waitressings
waive,waives,waived,waiving,waivings
walkway,walkways
wallet,wallets
ward,wards,warded,warding,wardings
warehouse,warehouses,warehoused,warehousing,warehousings
warranty,warranties
webpage,webpages,web-page,web-pages,web page,web pages
website,websites,web-site,web-sites,web site,web sites
weekday,weekdays
wellness
whale,whales,whaling,whalings
wheelchair,wheelchairs
whoever,whoevers
wildlife,wildlifes
willingness
windy,windier,windiest
wireless,wirelesses
wisely
withdrawal,withdrawals
wool,wools
workbook,workbooks
workforce,workforces
workplace,workplaces
workshop,workshops
worldwide,worldwides
worthwhile
wrinkle,wrinkles,wrinkled,wrinkling,wrinklings
wristwatch,wristwatches
yearly
yen,yens
yoga,yogas
zoo,zoos
